distributor,id
ТОВАРИСТВО З ОБМЕЖЕНОЮ ВІДПОВІДАЛЬНІСТЮ «АПТЕКА АНЦ»,33549639
ТОВАРИСТВО З ОБМЕЖЕНОЮ ВІДПОВІДАЛЬНІСТЮ «АВРОРА-С»,30403013
ТОВАРИСТВО З ОБМЕЖЕНОЮ ВІДПОВІДАЛЬНІСТЮ «БІГБОРД»,32386534
ТОВАРИСТВО З ОБМЕЖЕНОЮ ВІДПОВІДАЛЬНІСТЮ «СІНЕВО УКРАЇНА»,34709124
ТОВАРИСТВО З ОБМЕЖЕНОЮ ВІДПОВІДАЛЬНІСТЮ «КОСМОПОЛІТ 2016»,41018978
ТОВАРИСТВО З ОБМЕЖЕНОЮ ВІДПОВІДАЛЬНІСТЮ «НАШНЕТ»,36100735
ТОВАРИСТВО З ОБМЕЖЕНОЮ ВІДПОВІДАЛЬНІСТЮ «БОН ВОРЛД УКРАЇНА»,40526112
ТОВАРИСТВО З ОБМЕЖЕНОЮ ВІДПОВІДАЛЬНІСТЮ «КОРВЕТ-ЦЕНТР»,32154567
ТОВАРИСТВО З ОБМЕЖЕНОЮ ВІДПОВІДАЛЬНІСТЮ «Б.С.Б.»,37245135
АКЦІОНЕРНЕ ТОВАРИСТВО «ПРОКРЕДИТ БАНК»,21677333
АКЦІОНЕРНЕ ТОВАРИСТВО «УКРСИББАНК»,9807750
ТОВАРИСТВО З ОБМЕЖЕНОЮ ВІДПОВІДАЛЬНІСТЮ «РІАЛ ІСТЕЙТ Ф.К.А.У.»,34431547
ТОВАРИСТВО З ОБМЕЖЕНОЮ ВІДПОВІДАЛЬНІСТЮ «АКТИВ-КТА»,38559987
ТОВАРИСТВО З ОБМЕЖЕНОЮ ВІДПОВІДАЛЬНІСТЮ «МЕДИЧНИЙ ЦЕНТР «НАША РОДИНА»,38123764
ТОВАРИСТВО З ОБМЕЖЕНОЮ ВІДПОВІДАЛЬНІСТЮ «ЮДЖИН»,30263524
ТОВАРИСТВО З ОБМЕЖЕНОЮ ВІДПОВІДАЛЬНІСТЮ «АПТЕКА №1 ТРАНСФАРМ»,32799279
ТОВАРИСТВО З ОБМЕЖЕНОЮ ВІДПОВІДАЛЬНІСТЮ «КАРАМБОЛА»,36819100
ТОВАРИСТВО З ОБМЕЖЕНОЮ ВІДПОВІДАЛЬНІСТЮ «ЮНАЙТЕД ФУД ПРОДЖЕКТ»,44356000
ПІДПРИЄМСТВО З ІНОЗЕМНИМИ ІНВЕСТИЦІЯМИ «МАКДОНАЛЬДЗ ЮКРЕЙН ЛТД»,23744453
ТОВАРИСТВО З ОБМЕЖЕНОЮ ВІДПОВІДАЛЬНІСТЮ «ФУДКОМ»,40982829
ТОВАРИСТВО З ОБМЕЖЕНОЮ ВІДПОВІДАЛЬНІСТЮ «ЕНТЕРТЕЙМЕНТ ЛАБ»,40220843
ТОВАРИСТВО З ОБМЕЖЕНОЮ ВІДПОВІДАЛЬНІСТЮ «ГЛОБАЛЬНА РЕСТОРАННА ГРУПА-УКРАЇНА»,38321216
ТОВАРИСТВО З ОБМЕЖЕНОЮ ВІДПОВІДАЛЬНІСТЮ ФІРМА «ІНОР»,1287185
ТОВАРИСТВО З ОБМЕЖЕНОЮ ВІДПОВІДАЛЬНІСТЮ «БЛЕСТ ТРЕЙДІНГ»,41850906
ТОВАРИСТВО З ОБМЕЖЕНОЮ ВІДПОВІДАЛЬНІСТЮ «СІЛЬПО-ФУД»,40720198
АКЦІОНЕРНЕ ТОВАРИСТВО «ПЕРШИЙ УКРАЇНСЬКИЙ МІЖНАРОДНИЙ БАНК»,14282829
ТОВАРИСТВО З ОБМЕЖЕНОЮ ВІДПОВІДАЛЬНІСТЮ «ЛЕРУА МЕРЛЕН УКРАЇНА»,35679295
АКЦІОНЕРНЕ ТОВАРИСТВО СК «ГРАВЕ УКРАЇНА»,19243047
ТОВАРИСТВО З ОБМЕЖЕНОЮ ВІДПОВІДАЛЬНІСТЮ «ФОРА»,32294897
ТОВАРИСТВО З ОБМЕЖЕНОЮ ВІДПОВІДАЛЬНІСТЮ «НОВУС УКРАЇНА»,36003603
ТОВАРИСТВО З ОБМЕЖЕНОЮ ВІДПОВІДАЛЬНІСТЮ «СИСТЕМ КЕПІТАЛ МЕДІА»,37240718
ТОВАРИСТВО З ОБМЕЖЕНОЮ ВІДПОВІДАЛЬНІСТЮ «ТВА-ГРУПП»,35677565
ТОВАРИСТВО З ОБМЕЖЕНОЮ ВІДПОВІДАЛЬНІСТЮ «КИЇВСЬКІ ТЕЛЕКОМУНІКАЦІЙНІ МЕРЕЖІ»,30931228
ТОВАРИСТВО З ОБМЕЖЕНОЮ ВІДПОВІДАЛЬНІСТЮ «ІНДІАНА ТРЕВЕЛ»,37257915
ТОВАРИСТВО З ОБМЕЖЕНОЮ ВІДПОВІДАЛЬНІСТЮ «ЕПІЦЕНТР К»,32490244
ТОВАРИСТВО З ОБМЕЖЕНОЮ ВІДПОВІДАЛЬНІСТЮ «УМІДА ІНВЕСТ»,39837048
ТОВАРИСТВО З ОБМЕЖЕНОЮ ВІДПОВІДАЛЬНІСТЮ «ІЛАЙА ФЕМЕЛІ»,40711293
ТОВАРИСТВО З ОБМЕЖЕНОЮ ВІДПОВІДАЛЬНІСТЮ «БУДИНОК ПОБУТУ «СТОЛИЧНИЙ»,14283958
ПРИВАТНЕ ПІДПРИЄМСТВО «ТАВРІЯ ПЛЮС»,31929492
ТОВАРИСТВО З ОБМЕЖЕНОЮ ВІДПОВІДАЛЬНІСТЮ «МАЯК ІНВЕСТ»,31175958
АКЦІОНЕРНЕ ТОВАРИСТВО «КРЕДІ АГРІКОЛЬ БАНК»,14361575
ТОВАРИСТВО З ОБМЕЖЕНОЮ ВІДПОВІДАЛЬНІСТЮ «КЛУБ ГУРМЕ»,40127323
ТОВАРИСТВО З ОБМЕЖЕНОЮ ВІДПОВІДАЛЬНІСТЮ «АРВА ПЛЮС»,35944734
ТОВАРИСТВО З ОБМЕЖЕНОЮ ВІДПОВІДАЛЬНІСТЮ «ГАЛЕРЕЯ-АЛЕКС»,37935606
ТОВАРИСТВО З ОБМЕЖЕНОЮ ВІДПОВІДАЛЬНІСТЮ «РЕКЛЕН МЕДІА»,39326571
АКЦІОНЕРНЕ ТОВАРИСТВО «ОТП БАНК»,21685166
АКЦІОНЕРНЕ ТОВАРИСТВО «КИЇВСЬКИЙ МАРГАРИНОВИЙ ЗАВОД»,333581
ТОВАРИСТВО З ОБМЕЖЕНОЮ ВІДПОВІДАЛЬНІСТЮ «ДЕНТ-АЛЬЯНС»,36192428
АКЦІОНЕРНЕ ТОВАРИСТВО «БАНК ІНВЕСТИЦІЙ ТА ЗАОЩАДЖЕНЬ»,33695095
ПРИВАТНЕ ПІДПРИЄМСТВО «ЛІКУВАЛЬНО-ДІАГНОСТИЧНИЙ ЦЕНТР КЛІМАНОВОЇ М.О.»,34249943
ТОВАРИСТВО З ОБМЕЖЕНОЮ ВІДПОВІДАЛЬНІСТЮ «РЕСТ-АРТ»,37797571
ТОВАРИСТВО З ОБМЕЖЕНОЮ ВІДПОВІДАЛЬНІСТЮ «ВІННЕР АВТОМОТІВ»,33496598
АКЦІОНЕРНЕ ТОВАРИСТВО «ІДЕЯ БАНК»,19390819
НАУКОВО-ВИРОБНИЧЕ ТОВАРИСТВО З ОБМЕЖЕНОЮ ВІДПОВІДАЛЬНІСТЮ «ЕКОМЕД»,23732912
ТОВАРИСТВО З ОБМЕЖЕНОЮ ВІДПОВІДАЛЬНІСТЮ «АЙ ЕМ ЕЙ МЕДІА»,36644661
ТОВАРИСТВО З ОБМЕЖЕНОЮ ВІДПОВІДАЛЬНІСТЮ «ЛІНГО»,21568118
ТОВАРИСТВО З ОБМЕЖЕНОЮ ВІДПОВІДАЛЬНІСТЮ «АРДІС»,30525306
ТОВАРИСТВО З ОБМЕЖЕНОЮ ВІДПОВІДАЛЬНІСТЮ «ТК «УКРПРОМСЕРВІС»,35571027
ТОВАРИСТВО З ОБМЕЖЕНОЮ ВІДПОВІДАЛЬНІСТЮ «ДОМІНОС ПІЦЦА ЮКРЕЙН»,36676944
АКЦІОНЕРНЕ ТОВАРИСТВО КОМЕРЦІЙНИЙ БАНК «ПРИВАТБАНК»,14360570
ТОВАРИСТВО З ОБМЕЖЕНОЮ ВІДПОВІДАЛЬНІСТЮ «БРОКАРД-УКРАЇНА»,24597296
ТОВАРИСТВО З ОБМЕЖЕНОЮ ВІДПОВІДАЛЬНІСТЮ «МЕДИЧНИЙ ЦЕНТР СВЯТОЇ ПАРАСКЕВИ»,36417058
ТОВАРИСТВО З ОБМЕЖЕНОЮ ВІДПОВІДАЛЬНІСТЮ З ІІ «ДАНФОСС ТОВ»,20074667
ПРИВАТНЕ АКЦІОНЕРНЕ ТОВАРИСТВО «МУЛЬТІПЛЕКС-ХОЛДИНГ»,32850366
АКЦІОНЕРНЕ ТОВАРИСТВО «КОМЕРЦІЙНИЙ БАНК «ГЛОБУС»,35591059
АКЦІОНЕРНЕ ТОВАРИСТВО «СКАЙ БАНК»,9620081
ТОВАРИСТВО З ОБМЕЖЕНОЮ ВІДПОВІДАЛЬНІСТЮ «СУПЕРДОЗЕР»,40879243
АКЦІОНЕРНЕ ТОВАРИСТВО «РВС БАНК»,39849797
ТОВАРИСТВО З ОБМЕЖЕНОЮ ВІДПОВІДАЛЬНІСТЮ «ЛК-ТРАНС»,37470510
АКЦІОНЕРНЕ ТОВАРИСТВО «УХЛ-МАШ»,14311749
ТОВАРИСТВО З ОБМЕЖЕНОЮ ВІДПОВІДАЛЬНІСТЮ «АШАН УКРАЇНА ГІПЕРМАРКЕТ»,35442481
ПІДПРИЄМСТВО З ІНОЗЕМНИМИ ІНВЕСТИЦІЯМИ «АНКЛ СЕМ»,24249572
ТОВАРИСТВО З ОБМЕЖЕНОЮ ВІДПОВІДАЛЬНІСТЮ «ФАРМАСТОР»,34048360
ТОВАРИСТВО З ОБМЕЖЕНОЮ ВІДПОВІДАЛЬНІСТЮ «ХЕППІ ПІЦА»,43646746
ТОВАРИСТВО З ОБМЕЖЕНОЮ ВІДПОВІДАЛЬНІСТЮ «РОЛЛ ХАУС»,38885132
ТОВАРИСТВО З ОБМЕЖЕНОЮ ВІДПОВІДАЛЬНІСТЮ «ТРАНС МЕДІА»,32490690
ТОВАРИСТВО З ОБМЕЖЕНОЮ ВІДПОВІДАЛЬНІСТЮ «ФУДЕМБІР»,39506805
ТОВАРИСТВО З ОБМЕЖЕНОЮ ВІДПОВІДАЛЬНІСТЮ «ІЛ МОЛІНО 6»,40023678
ТЕАТРАЛЬНО-ВИДОВИЩНИЙ ЗАКЛАД КУЛЬТУРИ «КИЇВСЬКИЙ НАЦІОНАЛЬНИЙ АКАДЕМІЧНИЙ ТЕАТР ОПЕРЕТИ»,2224593
АКЦІОНЕРНЕ ТОВАРИСТВО «ТАСКОМБАНК»,9806443
ТОВАРИСТВО З ОБМЕЖЕНОЮ ВІДПОВІДАЛЬНІСТЮ «СМАЙЛ 32»,40093944
ТОВАРИСТВО З ОБМЕЖЕНОЮ ВІДПОВІДАЛЬНІСТЮ «СВІТ АУТДОР МЕДІА»,36203680
ТОВАРИСТВО З ОБМЕЖЕНОЮ ВІДПОВІДАЛЬНІСТЮ «АЛЬВАР»,38916558
ПРИВАТНЕ ПІДПРИЄМСТВО «ЯРОСЛАВ»,21635240
ТОВАРИСТВО З ОБМЕЖЕНОЮ ВІДПОВІДАЛЬНІСТЮ «СМАРТ МЕДІКАЛ ЦЕНТР»,41186484
ТОВАРИСТВО З ОБМЕЖЕНОЮ ВІДПОВІДАЛЬНІСТЮ «ГРАНДПРОМІНВЕСТ АГ»,25384496
ТОВАРИСТВО З ОБМЕЖЕНОЮ ВІДПОВІДАЛЬНІСТЮ «РЕКЛЕН АУТДОР»,41286795
ТОВАРИСТВО З ОБМЕЖЕНОЮ ВІДПОВІДАЛЬНІСТЮ «КЛІНІКА ОКСФОРД МЕДІКАЛ»,36158586
АКЦІОНЕРНЕ ТОВАРИСТВО «КРЕДОБАНК»,9807862
ТОВАРИСТВО З ОБМЕЖЕНОЮ ВІДПОВІДАЛЬНІСТЮ «ДАР-АВТО»,41540007
ПРОМИСЛОВО-ТЕХНІЧНА КОМПАНІЯ У ВИГЛЯДІ ТОВАРИСТВА З ОБМЕЖЕНОЮ ВІДПОВІДАЛЬНІСТЮ «АГРОМАТ»,21509937
ТОВАРИСТВО З ОБМЕЖЕНОЮ ВІДПОВІДАЛЬНІСТЮ «НЕДЛЕС»,31607054
ТОВАРИСТВО З ОБМЕЖЕНОЮ ВІДПОВІДАЛЬНІСТЮ «КАМЕЛІЯ-К»,24932820
ТОВАРИСТВО З ОБМЕЖЕНОЮ ВІДПОВІДАЛЬНІСТЮ «ІНТЕР-АВТО ЛТД»,37176847
ТОВАРИСТВО З ОБМЕЖЕНОЮ ВІДПОВІДАЛЬНІСТЮ «АПТЕКА НИЗЬКИХ ЦІН К»,37922217
ТОВАРИСТВО З ОБМЕЖЕНОЮ ВІДПОВІДАЛЬНІСТЮ «РЕЙТИНГ І»,32911266
ТОВАРИСТВО З ОБМЕЖЕНОЮ ВІДПОВІДАЛЬНІСТЮ «АУДИТОРСЬКА КОМПАНІЯ «П.С.П. АУДИТ»,32668509
ПРИВАТНЕ ПІДПРИЄМСТВО «ПЕРУКАРНЯ «КАСКАД»,31985384
ТОВАРИСТВО З ОБМЕЖЕНОЮ ВІДПОВІДАЛЬНІСТЮ «РЕМ ПОБУТ ТЕХНІКА»,3058715
ТОВАРИСТВО З ОБМЕЖЕНОЮ ВІДПОВІДАЛЬНІСТЮ «ГОТЕЛЬ МЕНЕДЖМЕНТ»,36413399
ТОВАРИСТВО З ОБМЕЖЕНОЮ ВІДПОВІДАЛЬНІСТЮ «УАПРОМ»,36507036
ТОВАРИСТВО З ОБМЕЖЕНОЮ ВІДПОВІДАЛЬНІСТЮ «ЮБІСОФТ ЮКРЕЙН»,36176432
АКЦІОНЕРНЕ ТОВАРИСТВО «КРИСТАЛБАНК»,39544699
ТОВАРИСТВО З ОБМЕЖЕНОЮ ВІДПОВІДАЛЬНІСТЮ «ІНСТИТУТ КЛІТИННОЇ ТЕРАПІЇ»,32379957
ТОВАРИСТВО З ОБМЕЖЕНОЮ ВІДПОВІДАЛЬНІСТЮ «ФЛОРИДА ЛТД»,40435743
ТОВАРИСТВО З ОБМЕЖЕНОЮ ВІДПОВІДАЛЬНІСТЮ «ТЕКСТИЛЬ - КОНТАКТ»,32043747
ТОВАРИСТВО З ОБМЕЖЕНОЮ ВІДПОВІДАЛЬНІСТЮ «ЗІР ДИТИНИ»,37615186
ПРИВАТНЕ АКЦІОНЕРНЕ ТОВАРИСТВО «ВФ УКРАЇНА»,14333937
ТОВАРИСТВО З ОБМЕЖЕНОЮ ВІДПОВІДАЛЬНІСТЮ «РУШ»,32007740
ПРИВАТНЕ ПІДПРИЄМСТВО «ЛЕО КЕРАМІКА»,35968529
АКЦІОНЕРНЕ ТОВАРИСТВО «УНІВЕРСАЛ БАНК»,21133352
ТОВАРИСТВО З ОБМЕЖЕНОЮ ВІДПОВІДАЛЬНІСТЮ «БРВ КИЇВ»,32243798
ТОВАРИСТВО З ОБМЕЖЕНОЮ ВІДПОВІДАЛЬНІСТЮ «АТБ - МАРКЕТ»,30487219
ТОВАРИСТВО З ОБМЕЖЕНОЮ ВІДПОВІДАЛЬНІСТЮ «АЛЬМА-2»,23501621
ТОВАРИСТВО З ОБМЕЖЕНОЮ ВІДПОВІДАЛЬНІСТЮ «ЮВЕЛІРНИЙ ЗАВОД «ДІАМАНТ-13»,21651747
ТОВАРИСТВО З ОБМЕЖЕНОЮ ВІДПОВІДАЛЬНІСТЮ З ІНОЗЕМНИМИ ІНВЕСТИЦІЯМИ «АВТ БАВАРІЯ»,23730020
ТОВАРИСТВО З ОБМЕЖЕНОЮ ВІДПОВІДАЛЬНІСТЮ «ЛАСКАВА-ФАРМ»,40927789
ТОВАРИСТВО З ОБМЕЖЕНОЮ ВІДПОВІДАЛЬНІСТЮ «МВВ ІНСТРУМЕНТС»,31453620
ТОВАРИСТВО З ОБМЕЖЕНОЮ ВІДПОВІДАЛЬНІСТЮ «ДЖОІН АП!»,38729427
ТОВАРИСТВО З ОБМЕЖЕНОЮ ВІДПОВІДАЛЬНІСТЮ «ПАСТА І БАСТА»,35849086
ПРИВАТНИЙ ПОЗАШКІЛЬНИЙ НАВЧАЛЬНИЙ ЗАКЛАД «СУПРІ ТЕК»,41169626
ТОВАРИСТВО З ОБМЕЖЕНОЮ ВІДПОВІДАЛЬНІСТЮ «АГРО ТАБ»,40388290
ТОВАРИСТВО З ОБМЕЖЕНОЮ ВІДПОВІДАЛЬНІСТЮ «СІТІ ДОКТОР»,41343884
ТОВАРИСТВО З ОБМЕЖЕНОЮ ВІДПОВІДАЛЬНІСТЮ «РІЗОНІ»,40407941
ТОВАРИСТВО З ОБМЕЖЕНОЮ ВІДПОВІДАЛЬНІСТЮ «АГЕНТСТВО ЕКОЛОГІЧНИХ ДОСЛІДЖЕНЬ»,31612148
ТОВАРИСТВО З ОБМЕЖЕНОЮ ВІДПОВІДАЛЬНІСТЮ «ВОГ РИТЕЙЛ»,38740702
ТОВАРИСТВО З ОБМЕЖЕНОЮ ВІДПОВІДАЛЬНІСТЮ «ТЕЛЬБІН»,19258706
ТОВАРИСТВО З ОБМЕЖЕНОЮ ВІДПОВІДАЛЬНІСТЮ «МТІ-СЕРВІС»,39554115
ТОВАРИСТВО З ОБМЕЖЕНОЮ ВІДПОВІДАЛЬНІСТЮ «СЕЛЕНА-КЛІМАТ»,40365210
ТОВАРИСТВО З ОБМЕЖЕНОЮ ВІДПОВІДАЛЬНІСТЮ «ФІТНЕС ОЛІМП»,40517003
ТОВАРИСТВО З ОБМЕЖЕНОЮ ВІДПОВІДАЛЬНІСТЮ «ЛЕГІОН 2015»,39775097
ТОВАРИСТВО З ОБМЕЖЕНОЮ ВІДПОВІДАЛЬНІСТЮ «ГРАНО А»,40603757
ТОВАРИСТВО З ОБМЕЖЕНОЮ ВІДПОВІДАЛЬНІСТЮ «ПРАЙМ ТАЙМ ФІТНЕС»,38323056
ДП «ФІЛЬМАН ГМБХ»,30313805
ТОВАРИСТВО З ОБМЕЖЕНОЮ ВІДПОВІДАЛЬНІСТЮ «УКРАЇНСЬКИЙ ІНСТИТУТ ПЛАСТИЧНОЇ ХІРУРГІЇ ТА КОСМЕТОЛОГІЇ»,32155492
ТОВАРИСТВО З ОБМЕЖЕНОЮ ВІДПОВІДАЛЬНІСТЮ «МЕДІКАЛ ВЕНТЕРА ГРУП»,38833697
ТОВАРИСТВО З ОБМЕЖЕНОЮ ВІДПОВІДАЛЬНІСТЮ «ЛЮВАР»,33501314
ПУБЛІЧНЕ АКЦІОНЕРНЕ ТОВАРИСТВО АКЦІОНЕРНИЙ БАНК «ПІВДЕННИЙ»,20953647
ТОВАРИСТВО З ОБМЕЖЕНОЮ ВІДПОВІДАЛЬНІСТЮ «ВОСТОРГ-ВОЯЖ»,35679282
ТОВАРИСТВО З ОБМЕЖЕНОЮ ВІДПОВІДАЛЬНІСТЮ «ПЛАНЕТА-3000»,37500988
ТОВАРИСТВО З ОБМЕЖЕНОЮ ВІДПОВІДАЛЬНІСТЮ «СІРІУС ДЕНТ»,38903892
ДЕРЖАВНЕ ПІДПРИЄМСТВО «ЕКСПЛУАТАЦІЙНО-МАЙНОВИЙ КОМПЛЕКС»,24378476
ТОВАРИСТВО З ОБМЕЖЕНОЮ ВІДПОВІДАЛЬНІСТЮ «МКОНЦЕПТ»,39887633
ТОВАРИСТВО З ОБМЕЖЕНОЮ ВІДПОВІДАЛЬНІСТЮ «ІМПРЕССА»,30114365
ТОВАРИСТВО З ОБМЕЖЕНОЮ ВІДПОВІДАЛЬНІСТЮ «АМЕДА+»,40031041
ТОВАРИСТВО З ОБМЕЖЕНОЮ ВІДПОВІДАЛЬНІСТЮ «КЛІНІКА ОДНОГО ЛІКАРЯ»,38526574
ПРИВАТНЕ АКЦІОНЕРНЕ ТОВАРИСТВО «ПРИЗМА»,13667349
ТОВАРИСТВО З ОБМЕЖЕНОЮ ВІДПОВІДАЛЬНІСТЮ «ЕЛЕМЕНТ УКРАЇНА»,36573135
ТОВАРИСТВО З ОБМЕЖЕНОЮ ВІДПОВІДАЛЬНІСТЮ «МЛ «ДІЛА»,25587390
ТОВАРИСТВО З ОБМЕЖЕНОЮ ВІДПОВІДАЛЬНІСТЮ «МЕДИЧНИЙ ЦЕНТР «ТЕФІ»,39310907
ТОВАРИСТВО З ОБМЕЖЕНОЮ ВІДПОВІДАЛЬНІСТЮ «ФІНАНСОВІ ІНІЦІАТИВИ»,33051722
ТОВАРИСТВО З ОБМЕЖЕНОЮ ВІДПОВІДАЛЬНІСТЮ «АПТЕКА НЦ»,20075951
АКЦІОНЕРНЕ ТОВАРИСТВО «ГРАВЕ УКРАЇНА СТРАХУВАННЯ ЖИТТЯ»,25399836
ТОВАРИСТВО З ОБМЕЖЕНОЮ ВІДПОВІДАЛЬНІСТЮ «ТОРГОВО-ЕНЕРГЕТИЧНА КОМПАНІЯ «ЕНЕРГОІНВЕСТ»,31086051
ПУБЛІЧНЕ АКЦІОНЕРНЕ ТОВАРИСТВО АКЦІОНЕРНИЙ БАНК «УКРГАЗБАНК»,23697280
ТОВАРИСТВО З ОБМЕЖЕНОЮ ВІДПОВІДАЛЬНІСТЮ «ЛАКІ-ФАРМА»,36683192
ТОВАРИСТВО З ОБМЕЖЕНОЮ ВІДПОВІДАЛЬНІСТЮ «ТЕРРАСКЕЙП-ТЕХ-КОМПАНІ»,35625082
АКЦІОНЕРНЕ ТОВАРИСТВО «ТЕЛЕКАНАЛ «ІНТЕР»,23507865
ТОВАРИСТВО З ОБМЕЖЕНОЮ ВІДПОВІДАЛЬНІСТЮ «ІЛ МОЛІНО 2»,40023421
ТОВАРИСТВО З ОБМЕЖЕНОЮ ВІДПОВІДАЛЬНІСТЮ «АРМШОП»,37515399
ТОВАРИСТВО З ОБМЕЖЕНОЮ ВІДПОВІДАЛЬНІСТЮ «ФАРБИ КОЛОРИТ»,24726322
ТОВАРИСТВО З ОБМЕЖЕНОЮ ВІДПОВІДАЛЬНІСТЮ «АРНО СПОРТ»,39967493
ТОВАРИСТВО З ОБМЕЖЕНОЮ ВІДПОВІДАЛЬНІСТЮ «ПРОДЖЕКТ СЕРВІС»,38196602
ТОВАРИСТВО З ОБМЕЖЕНОЮ ВІДПОВІДАЛЬНІСТЮ «ТЕЛЕРАДІОКОМПАНІЯ «112-ТВ»,38590676
ТОВАРИСТВО З ОБМЕЖЕНОЮ ВІДПОВІДАЛЬНІСТЮ «НАШІ ДІТИ ХХІ»,40504303
ТОВАРИСТВО З ОБМЕЖЕНОЮ ВІДПОВІДАЛЬНІСТЮ «АВАНТО»,16397784
ТОВАРИСТВО З ОБМЕЖЕНОЮ ВІДПОВІДАЛЬНІСТЮ «БІМБЕР»,40907591
ТОВАРИСТВО З ОБМЕЖЕНОЮ ВІДПОВІДАЛЬНІСТЮ «ВІКЮР»,22973884
ТОВАРИСТВО З ОБМЕЖЕНОЮ ВІДПОВІДАЛЬНІСТЮ «ХІНКАЛЬНЯ»,37046894
ТОВАРИСТВО З ОБМЕЖЕНОЮ ВІДПОВІДАЛЬНІСТЮ «АПТЕКА НИЗЬКИХ ЦІН ТМ»,36853266
ТОВАРИСТВО З ОБМЕЖЕНОЮ ВІДПОВІДАЛЬНІСТЮ «ДМТ-ЦЕНТР»,34529098
ТОВАРИСТВО З ОБМЕЖЕНОЮ ВІДПОВІДАЛЬНІСТЮ «УПРАВЛЯЮЧА КОМПАНІЯ НЕРУХОМІСТЮ-3»,38234595
ТОВАРИСТВО З ОБМЕЖЕНОЮ ВІДПОВІДАЛЬНІСТЮ «БУДДА-БАР УКРАЇНА»,35086893
ТОВАРИСТВО З ОБМЕЖЕНОЮ ВІДПОВІДАЛЬНІСТЮ «ТК -ДОМАШНІЙ ТЕКСТИЛЬ»,38192655
ТОВАРИСТВО З ОБМЕЖЕНОЮ ВІДПОВІДАЛЬНІСТЮ «ДЕНТАЛ КЛІНІК»,39029692
ТОВАРИСТВО З ОБМЕЖЕНОЮ ВІДПОВІДАЛЬНІСТЮ «ФОЗЗІ-ФАРМ»,31593780
АКЦІОНЕРНЕ ТОВАРИСТВО «РАЙФФАЙЗЕН БАНК»,14305909
ТОВАРИСТВО З ОБМЕЖЕНОЮ ВІДПОВІДАЛЬНІСТЮ «ЮСК УКРАЇНА»,37642136
ТОВАРИСТВО З ОБМЕЖЕНОЮ ВІДПОВІДАЛЬНІСТЮ «ВІВА ЕСТЕ ФАРМ»,40300530
ПРИВАТНЕ ПІДПРИЄМСТВО «ДЕНТ-ІН»,30722769
ТОВАРИСТВО З ОБМЕЖЕНОЮ ВІДПОВІДАЛЬНІСТЮ «ФРЕШЕС»,40289858
ТОВАРИСТВО З ОБМЕЖЕНОЮ ВІДПОВІДАЛЬНІСТЮ «КАЛЯ»,37687638
ТОВАРИСТВО З ОБМЕЖЕНОЮ ВІДПОВІДАЛЬНІСТЮ «ВЕРСАТІ»,37974320
ТОВАРИСТВО З ОБМЕЖЕНОЮ ВІДПОВІДАЛЬНІСТЮ «АІРКОНД»,37313560
ТОВАРИСТВО З ОБМЕЖЕНОЮ ВІДПОВІДАЛЬНІСТЮ «РА «ЛУВЕРС»,42519751
ТОВАРИСТВО З ОБМЕЖЕНОЮ ВІДПОВІДАЛЬНІСТЮ «ПРАЙМ - ГРУП»,34603314
ТОВАРИСТВО З ОБМЕЖЕНОЮ ВІДПОВІДАЛЬНІСТЮ «АГІТПЛАКАТ»,25641208
ТОВАРИСТВО З ОБМЕЖЕНОЮ ВІДПОВІДАЛЬНІСТЮ «ОКТАГОН-АУТДОР»,34729203
ТОВАРИСТВО З ОБМЕЖЕНОЮ ВІДПОВІДАЛЬНІСТЮ «МЕДІА-ГРУП»,32205768
ПРИВАТНЕ ПІДПРИЄМСТВО «ЕЙ-ПЕТРОЛ»,33330341
ТОВАРИСТВО З ОБМЕЖЕНОЮ ВІДПОВІДАЛЬНІСТЮ «ЕКОСВІТ»,30858672
ТОВАРИСТВО З ОБМЕЖЕНОЮ ВІДПОВІДАЛЬНІСТЮ «РТМ - УКРАЇНА»,31282375
ТОВАРИСТВО З ОБМЕЖЕНОЮ ВІДПОВІДАЛЬНІСТЮ «ЄВРО РЕКЛАМА»,39040009
ТОВАРИСТВО З ОБМЕЖЕНОЮ ВІДПОВІДАЛЬНІСТЮ «РА КРАШ»,33344527
ДОЧІРНЄ ПІДПРИЄМСТВО «ПЕРЕХІД АУТДОР»,24576549
ТОВАРИСТВО З ОБМЕЖЕНОЮ ВІДПОВІДАЛЬНІСТЮ «ЛУВЕРС»,24734014
ТОВАРИСТВО З ОБМЕЖЕНОЮ ВІДПОВІДАЛЬНІСТЮ «ТАТ-АРТ»,24738354
ТОВАРИСТВО З ОБМЕЖЕНОЮ ВІДПОВІДАЛЬНІСТЮ «ТАЙФУН МЕДІА ГРУП»,36047719
ТОВАРИСТВО З ОБМЕЖЕНОЮ ВІДПОВІДАЛЬНІСТЮ «СВ АУТДОР»,33239190
ТОВАРИСТВО З ОБМЕЖЕНОЮ ВІДПОВІДАЛЬНІСТЮ «РЕКЛАМНО-ІНФОРМАЦІЙНЕ АГЕНТСТВО «ІМІДЖ»,21475569
ТОВАРИСТВО З ОБМЕЖЕНОЮ ВІДПОВІДАЛЬНІСТЮ «ДОВІРА АУТДОР»,33501602
ТОВАРИСТВО З ОБМЕЖЕНОЮ ВІДПОВІДАЛЬНІСТЮ «РЕКЛАМНА ГРУПА «МАЛЛІС»,24924826
ТОВАРИСТВО З ОБМЕЖЕНОЮ ВІДПОВІДАЛЬНІСТЮ «АРТ РАДІО»,30402512
ТОВАРИСТВО З ОБМЕЖЕНОЮ ВІДПОВІДАЛЬНІСТЮ «ВЕНДО ВЕЛІТ ВІОЛЕТ»,40240896
ТОВАРИСТВО З ОБМЕЖЕНОЮ ВІДПОВІДАЛЬНІСТЮ «ТЕХНОПАРК ЛТД»,33764713
ТОВАРИСТВО З ОБМЕЖЕНОЮ ВІДПОВІДАЛЬНІСТЮ «ЕКО ХХІ СТОЛІТТЯ»,33784216
ТОВАРИСТВО З ОБМЕЖЕНОЮ ВІДПОВІДАЛЬНІСТЮ «АЛЬФА-ЗАБАВА»,32378340
ТОВАРИСТВО З ОБМЕЖЕНОЮ ВІДПОВІДАЛЬНІСТЮ «РЕКЛАМНЕ АГЕНСТВО «ІГРУС»,31305402
ТОВАРИСТВО З ОБМЕЖЕНОЮ ВІДПОВІДАЛЬНІСТЮ «МУЛЬТІБОРД»,34808604
ТОВАРИСТВО З ОБМЕЖЕНОЮ ВІДПОВІДАЛЬНІСТЮ «ВИРОБНИЧЕ ПІДПРИЄМСТВО «ПРОМИСЛОВІ ТЕХНОЛОГІЇ»,40138859
ТОВАРИСТВО З ОБМЕЖЕНОЮ ВІДПОВІДАЛЬНІСТЮ «АЛЬХОР»,21494561
ТОВАРИСТВО З ОБМЕЖЕНОЮ ВІДПОВІДАЛЬНІСТЮ «ВІАЛ КИЇВ»,25401548
ТОВАРИСТВО З ОБМЕЖЕНОЮ ВІДПОВІДАЛЬНІСТЮ «АРТ РАДІО МЕДІА»,45889680
ТОВАРИСТВО З ОБМЕЖЕНОЮ ВІДПОВІДАЛЬНІСТЮ «РЕКЛАМНЕ АГЕНСТВО ОСА»,39491904
ТОВАРИСТВО З ОБМЕЖЕНОЮ ВІДПОВІДАЛЬНІСТЮ «ФУТБОЛЬНИЙ КЛУБ «ДИНАМО» КИЇВ»,305981
ТОВАРИСТВО З ОБМЕЖЕНОЮ ВІДПОВІДАЛЬНІСТЮ «АЛЕГО»,37922548
ТОВАРИСТВО З ОБМЕЖЕНОЮ ВІДПОВІДАЛЬНІСТЮ «ІНТЕРВАЛ»,32909482
ПРИВАТНЕ ПІДПРИЄМСТВО «МЕТЕОР»,30219983
ТОВАРИСТВО З ОБМЕЖЕНОЮ ВІДПОВІДАЛЬНІСТЮ «РЕКЛАМНЕ РІШЕННЯ»,38234333
ТОВАРИСТВО З ОБМЕЖЕНОЮ ВІДПОВІДАЛЬНІСТЮ «УМГХ. УКРМЕДІА ГРУП ХОЛДІНГ»,37269150
ТОВАРИСТВО З ОБМЕЖЕНОЮ ВІДПОВІДАЛЬНІСТЮ «ФОРЕТОГ»,41761099
ТОВАРИСТВО З ОБМЕЖЕНОЮ ВІДПОВІДАЛЬНІСТЮ «ЄВРОЛАБ»,33103356
ПРИВАТНЕ АКЦІОНЕРНЕ ТОВАРИСТВО «СТРАХОВА КОМПАНІЯ «УКРАЇНСЬКА СТРАХОВА ГРУПА»,30859524
"ПОВНЕ ТОВАРИСТВО «ЗАСТАВНЕ ТОВАРИСТВО «СКАРБНИЦЯ-ЛОМБАРД» ЗА УЧАСТЮ ТОВАРИСТВО З ОБМЕЖЕНОЮ ВІДПОВІДАЛЬНІСТЮ «ПРИКРАСИ СВІТУ», ТОВАРИСТВО З ОБМЕЖЕНОЮ ВІДПОВІДАЛЬНІСТЮ «ПЛАТІНУМ ПЛЕНЕТ ЛТД»",19244756
ТОВАРИСТВО З ОБМЕЖЕНОЮ ВІДПОВІДАЛЬНІСТЮ «ЛЮНЕТ-ОПТИКА»,32249496
ТОВАРИСТВО З ОБМЕЖЕНОЮ ВІДПОВІДАЛЬНІСТЮ «КОМОД НА ЛІВОБЕРЕЖНІЙ»,33551208
ТОВАРИСТВО З ОБМЕЖЕНОЮ ВІДПОВІДАЛЬНІСТЮ «РЕКЛАМНЕ АГЕНТСТВО «ЕМА»,20055285
ТОВАРИСТВО З ОБМЕЖЕНОЮ ВІДПОВІДАЛЬНІСТЮ «ВАСТА»,24746843
"ДОЧІРНЄ ПІДПРИЄМСТВО «АВТО ІНТЕРНЕШНЛ», ЯКЕ ПОВНІСТЮ НАЛЕЖИТЬ ІНОЗЕМНОМУ ІНВЕСТОРУ",20051198
ТОВАРИСТВО З ОБМЕЖЕНОЮ ВІДПОВІДАЛЬНІСТЮ «ФОЗЗІ-ФУД»,32294926
ТОВАРИСТВО З ОБМЕЖЕНОЮ ВІДПОВІДАЛЬНІСТЮ «СТОЛИЧНИЙ БЕРЕГ»,34613673
ТОВАРИСТВО З ОБМЕЖЕНОЮ ВІДПОВІДАЛЬНІСТЮ «ПЕГАС ТУРИСТИК»,33104339
ПРИВАТНЕ АКЦІОНЕРНЕ ТОВАРИСТВО «КИЙ АВІА»,1130578
ТОВАРИСТВО З ОБМЕЖЕНОЮ ВІДПОВІДАЛЬНІСТЮ «ТЕРАСА»,33058183
ПРИВАТНЕ ПІДПРИЄМСТВО «ОТО»,30466768
ТОВАРИСТВО З ОБМЕЖЕНОЮ ВІДПОВІДАЛЬНІСТЮ «САМІТ МОТОРЗ УКРАЇНА»,36259288
ТОВАРИСТВО З ОБМЕЖЕНОЮ ВІДПОВІДАЛЬНІСТЮ «ГРАНТ ТОРНТОН»,34298976
ТОВАРИСТВО З ОБМЕЖЕНОЮ ВІДПОВІДАЛЬНІСТЮ «АЛЬЯНС ХОЛДИНГ»,34430873
ТОВАРИСТВО З ОБМЕЖЕНОЮ ВІДПОВІДАЛЬНІСТЮ «КОМФІ ТРЕЙД»,36962487
ПРИВАТНЕ ПІДПРИЄМСТВО «МЕДІК - ЕЙД»,30018420
ТОВАРИСТВО З ОБМЕЖЕНОЮ ВІДПОВІДАЛЬНІСТЮ «ЕМВЕЙ УКРАЇНА»,32375271
ТОВАРИСТВО З ОБМЕЖЕНОЮ ВІДПОВІДАЛЬНІСТЮ «КОМФОРТ МАРКЕТ ЛЮКС»,34795907
ТОВАРИСТВО З ОБМЕЖЕНОЮ ВІДПОВІДАЛЬНІСТЮ «ВІТА ВЕРІТАС»,33346854
ТОВАРИСТВО З ОБМЕЖЕНОЮ ВІДПОВІДАЛЬНІСТЮ «ГЛОБУС-СІТІ»,32044342
ТОВАРИСТВО З ОБМЕЖЕНОЮ ВІДПОВІДАЛЬНІСТЮ «БУДСПЕЦСЕРВІС»,32555547
ТОВАРИСТВО З ОБМЕЖЕНОЮ ВІДПОВІДАЛЬНІСТЮ «БПК-АМЕТИСТ»,35386003
ТОВАРИСТВО З ОБМЕЖЕНОЮ ВІДПОВІДАЛЬНІСТЮ «БІГТУР»,35481190
ТОВАРИСТВО З ОБМЕЖЕНОЮ ВІДПОВІДАЛЬНІСТЮ «ДЦ УКРАЇНА»,32424255
ТОВАРИСТВО З ОБМЕЖЕНОЮ ВІДПОВІДАЛЬНІСТЮ «КЛІНІКА МАРКОВА»,36947804
АКЦІОНЕРНЕ ТОВАРИСТВО «ДЕРЖАВНИЙ ОЩАДНИЙ БАНК УКРАЇНИ»,32129
ТОВАРИСТВО З ОБМЕЖЕНОЮ ВІДПОВІДАЛЬНІСТЮ «ГРІВЛАД»,33988130
АКЦІОНЕРНЕ ТОВАРИСТВО «СІТІБАНК»,21685485
АКЦІОНЕРНЕ ТОВАРИСТВО «МІЖНАРОДНИЙ РЕЗЕРВНИЙ БАНК»,25959784
ТОВАРИСТВО З ОБМЕЖЕНОЮ ВІДПОВІДАЛЬНІСТЮ «ЛАЙФСЕЛЛ»,22859846
ПРИВАТНЕ АКЦІОНЕРНЕ ТОВАРИСТВО «УНІСОН»,33592951
ТОВАРИСТВО З ОБМЕЖЕНОЮ ВІДПОВІДАЛЬНІСТЮ «ВІНСТЕР»,36849223
АКЦІОНЕРНЕ ТОВАРИСТВО «ДНІПРО МОТОР ІНВЕСТ»,14298457
ТОВАРИСТВО З ОБМЕЖЕНОЮ ВІДПОВІДАЛЬНІСТЮ «АРАКС»,21657491
ТОВАРИСТВО З ОБМЕЖЕНОЮ ВІДПОВІДАЛЬНІСТЮ «ТМЦ «МЕДТЕХНІКА»,38518301
ТОВАРИСТВО З ОБМЕЖЕНОЮ ВІДПОВІДАЛЬНІСТЮ «ГОЛДФІШ-ІНВЕСТ-БУД»,35383493
ТОВАРИСТВО З ОБМЕЖЕНОЮ ВІДПОВІДАЛЬНІСТЮ «АКСІМЕД»,34476076
ТОВАРИСТВО З ОБМЕЖЕНОЮ ВІДПОВІДАЛЬНІСТЮ «КЕРТ»,33835663
"ТОВАРИСТВО З ОБМЕЖЕНОЮ ВІДПОВІДАЛЬНІСТЮ «АС ГРУПП, ЛТД»",30300508
ТОВАРИСТВО З ОБМЕЖЕНОЮ ВІДПОВІДАЛЬНІСТЮ «СТАДІ СІСТЕМС УКРАЇНА»,41290466
ТОВАРИСТВО З ОБМЕЖЕНОЮ ВІДПОВІДАЛЬНІСТЮ «ДЖЕЙ-СПОРТ»,39577860
ТОВАРИСТВО З ОБМЕЖЕНОЮ ВІДПОВІДАЛЬНІСТЮ «ІНТЕРОКО»,31905094
ДП «ІЗЮМІНКА»,22873987
ТОВАРИСТВО З ОБМЕЖЕНОЮ ВІДПОВІДАЛЬНІСТЮ «МОРСЬКИЙ РИФ»,38133165
ТОВАРИСТВО З ОБМЕЖЕНОЮ ВІДПОВІДАЛЬНІСТЮ «СУШИЯ»,35266336
ТОВАРИСТВО З ОБМЕЖЕНОЮ ВІДПОВІДАЛЬНІСТЮ «КОРАЛ ДЕНТ»,38049702
ТОВАРИСТВО З ОБМЕЖЕНОЮ ВІДПОВІДАЛЬНІСТЮ «ДЮНА»,22926583
ПРИВАТНЕ ПІДПРИЄМСТВО «ЛЕГАЛАЙЗ»,37855458
ТОВАРИСТВО З ОБМЕЖЕНОЮ ВІДПОВІДАЛЬНІСТЮ «ОПЕРКОМ»,44449723
ТОВАРИСТВО З ОБМЕЖЕНОЮ ВІДПОВІДАЛЬНІСТЮ «ЛАЙТ ГОТЕЛЬ ЕНД ХАБ»,41609063
ТОВАРИСТВО З ОБМЕЖЕНОЮ ВІДПОВІДАЛЬНІСТЮ «НЕОМЕД 2007»,34818539
ДОЧІРНЄ ПІДПРИЄМСТВО «ЛПП УКРАЇНА» АКЦІОНЕРНОГО ТОВАРИСТВА «ЛПП»,32435513
ТОВАРИСТВО З ОБМЕЖЕНОЮ ВІДПОВІДАЛЬНІСТЮ «ІНСТИТУТ ПРОФЕСІЙНИХ ДИРЕКТОРІВ»,34882866
ТОВАРИСТВО З ОБМЕЖЕНОЮ ВІДПОВІДАЛЬНІСТЮ «АГРУЗ»,36087416
ТОВАРИСТВО З ОБМЕЖЕНОЮ ВІДПОВІДАЛЬНІСТЮ «ФРАЙ ВІЛЛЄ УКРАЇНА»,33594152
АКЦІОНЕРНЕ ТОВАРИСТВО «НОВІ ІНЖИНІРИНГОВІ ТЕХНОЛОГІЇ»,32962525
ПРИВАТНЕ АКЦІОНЕРНЕ ТОВАРИСТВО «КИЇВСТАР»,21673832
ТОВАРИСТВО З ОБМЕЖЕНОЮ ВІДПОВІДАЛЬНІСТЮ «101 СЕРВІС»,37954414
ТОВАРИСТВО З ОБМЕЖЕНОЮ ВІДПОВІДАЛЬНІСТЮ «ТОНЕ»,38389536
ПРИВАТНЕ ПІДПРИЄМСТВО «ХАРОН-ВЕСТОІЛ»,34667870
АКЦІОНЕРНЕ ТОВАРИСТВО «ПІРЕУС БАНК МКБ»,20034231
ТОВАРИСТВО З ОБМЕЖЕНОЮ ВІДПОВІДАЛЬНІСТЮ «ОМЕГА»,30982361
ПРЕДСТАВНИЦТВО «АББІІ ЄВРОПА ГМБХ»,26628767
ТОВАРИСТВО З ОБМЕЖЕНОЮ ВІДПОВІДАЛЬНІСТЮ «АЛАКОР СІТІ»,33598293
ТОВАРИСТВО З ОБМЕЖЕНОЮ ВІДПОВІДАЛЬНІСТЮ «ІНТЕРТОП УКРАЇНА»,41097426
ТОВАРИСТВО З ОБМЕЖЕНОЮ ВІДПОВІДАЛЬНІСТЮ «ТРЕВЕЛ7»,38490792
ТОВАРИСТВО З ОБМЕЖЕНОЮ ВІДПОВІДАЛЬНІСТЮ «ГОТЕЛЬНИЙ КОМПЛЕКС «РУСЬ»,35534818
ТОВАРИСТВО З ОБМЕЖЕНОЮ ВІДПОВІДАЛЬНІСТЮ «ТЦ ВАШ ДІМ»,41473816
ТОВАРИСТВО З ОБМЕЖЕНОЮ ВІДПОВІДАЛЬНІСТЮ «ЛУЇ ВЮІТТОН УКРАЇНА»,33997868
ТОВАРИСТВО З ОБМЕЖЕНОЮ ВІДПОВІДАЛЬНІСТЮ «ІНТЕРЦИКЛОН»,21606540
ТОВАРИСТВО З ОБМЕЖЕНОЮ ВІДПОВІДАЛЬНІСТЮ «ГРАНІТ-2000»,31026542
ТОВАРИСТВО З ОБМЕЖЕНОЮ ВІДПОВІДАЛЬНІСТЮ «БРОВАР 2010»,37485658
«НАЗЕЛСТАР» ПРИВАТНЕ ПІДПРИЄМСТВО З ІНОЗЕМНИМИ ІНВЕСТИЦІЯМИ,31305926
ПІДПРИЄМСТВО З ІНОЗЕМНИМИ ІНВЕСТИЦІЯМИ «НОВУС ПЛЮС»,25288083
ТОВАРИСТВО З ОБМЕЖЕНОЮ ВІДПОВІДАЛЬНІСТЮ «ЕЛІПС»,16466120
ПРИВАТНЕ ПІДПРИЄМСТВО «АВТО-АКТИВ»,32669813
АКЦІОНЕРНЕ ТОВАРИСТВО «ВЕСТ ФАЙНЕНС ЕНД КРЕДИТ БАНК»,34575675
ТОВАРИСТВО З ОБМЕЖЕНОЮ ВІДПОВІДАЛЬНІСТЮ «КОНСТАНТА ГРУП»,35363630
ТОВАРИСТВО З ОБМЕЖЕНОЮ ВІДПОВІДАЛЬНІСТЮ «ЛЕОН-СЕРВІС ПЛЮС»,30181253
ТОВАРИСТВО З ОБМЕЖЕНОЮ ВІДПОВІДАЛЬНІСТЮ «ЕКО»,32104254
ТОВАРИСТВО З ОБМЕЖЕНОЮ ВІДПОВІДАЛЬНІСТЮ «ДАРЛІН»,39367052
АКЦІОНЕРНЕ ТОВАРИСТВО «КИЇВСЬКА КОНДИТЕРСЬКА ФАБРИКА «РОШЕН»,382125
ТОВАРИСТВО З ОБМЕЖЕНОЮ ВІДПОВІДАЛЬНІСТЮ «ЮДЖИН»,31303824
ТОВАРИСТВО З ОБМЕЖЕНОЮ ВІДПОВІДАЛЬНІСТЮ «СПОРТ-ЕРА»,38150725
ТОВАРИСТВО З ОБМЕЖЕНОЮ ВІДПОВІДАЛЬНІСТЮ «ДІЄСА»,36483471
ТОВАРИСТВО З ОБМЕЖЕНОЮ ВІДПОВІДАЛЬНІСТЮ «СПОРТ-ПАК»,38449762
ВСЕУКРАЇНСЬКА ГРОМАДСЬКА ОРГАНІЗАЦІЯ «КІНОЛОГІЧНА СПІЛКА УКРАЇНИ»,2752773
ПІК «СВІМПОРТ»,24933044
ТОВАРИСТВО З ОБМЕЖЕНОЮ ВІДПОВІДАЛЬНІСТЮ «СПОРТ-ТАК»,37805483
ТОВАРИСТВО З ОБМЕЖЕНОЮ ВІДПОВІДАЛЬНІСТЮ «БАЙЄР»,22911794
ТОВАРИСТВО З ОБМЕЖЕНОЮ ВІДПОВІДАЛЬНІСТЮ «СПОРТ-ПРАЙМ»,38902627
ПРИВАТНЕ АКЦІОНЕРНЕ ТОВАРИСТВО «СТРАХОВА КОМПАНІЯ «УНІВЕРСАЛЬНА»,20113829
ТОВАРИСТВО З ОБМЕЖЕНОЮ ВІДПОВІДАЛЬНІСТЮ «ФІРМА «ДІБРОВА»,16465965
ТОВАРИСТВО З ОБМЕЖЕНОЮ ВІДПОВІДАЛЬНІСТЮ «КУРЕНІ»,21548624
ТОВАРИСТВО З ОБМЕЖЕНОЮ ВІДПОВІДАЛЬНІСТЮ «ОКЕАН»,31566191
ДЕРЖАВНЕ ПІДПРИЄМСТВО «САНАТОРІЙ «КОНЧА-ЗАСПА»,1981715
ТОВАРИСТВО З ОБМЕЖЕНОЮ ВІДПОВІДАЛЬНІСТЮ «ШІ ЕНД ХІ ГАЛЛЕРІ»,39880952
ТОВАРИСТВО З ОБМЕЖЕНОЮ ВІДПОВІДАЛЬНІСТЮ «СТІЛТРЕЙД»,32078607
ТОВАРИСТВО З ОБМЕЖЕНОЮ ВІДПОВІДАЛЬНІСТЮ «БЛУРІЧ КОРПОРЕЙШН»,38365300
ТОВАРИСТВО З ОБМЕЖЕНОЮ ВІДПОВІДАЛЬНІСТЮ «АМАРАНТ ЛТД»,21509860
ПРИВАТНЕ ПІДПРИЄМСТВО «АРМАДА 007»,34859051
ТОВАРИСТВО З ОБМЕЖЕНОЮ ВІДПОВІДАЛЬНІСТЮ «СПІРІТ БЕТА»,35135264
ТОВАРИСТВО З ОБМЕЖЕНОЮ ВІДПОВІДАЛЬНІСТЮ «ЛАБІРИНТ-М»,36273145
ТОВАРИСТВО З ОБМЕЖЕНОЮ ВІДПОВІДАЛЬНІСТЮ «МЕДИЧНА ЛАБОРАТОРІЯ»,25288091
ТОВАРИСТВО З ОБМЕЖЕНОЮ ВІДПОВІДАЛЬНІСТЮ «МОРТАДЕЛА»,36815812
ТОВАРИСТВО З ОБМЕЖЕНОЮ ВІДПОВІДАЛЬНІСТЮ «ФІТ-ПРОФІТ»,39847852
ТОВАРИСТВО З ОБМЕЖЕНОЮ ВІДПОВІДАЛЬНІСТЮ «ДЖАСМІН»,33787065
ТОВАРИСТВО З ОБМЕЖЕНОЮ ВІДПОВІДАЛЬНІСТЮ «ЕКСПАНСІЯ»,32294905
ТОВАРИСТВО З ОБМЕЖЕНОЮ ВІДПОВІДАЛЬНІСТЮ «ГРЕГУАР СЕРВІС»,38322204
ТОВАРИСТВО З ОБМЕЖЕНОЮ ВІДПОВІДАЛЬНІСТЮ «ПЕТРОС КАФЕ»,39779505
ДП «АДІДАС УКРАЇНА»,24251899
ДП «ІНТЕГРАЛ-БУД» ТОВАРИСТВО З ОБМЕЖЕНОЮ ВІДПОВІДАЛЬНІСТЮ «ФІРМА «ІНТЕГРАЛ»,32568603
АКЦІОНЕРНЕ ТОВАРИСТВО «ФАРЛЕП-ІНВЕСТ»,19199961
ПРИВАТНЕ АКЦІОНЕРНЕ ТОВАРИСТВО «СТРАХОВА КОМПАНІЯ «КД ЖИТТЯ»,35525143
АДВОКАТСЬКЕ ОБ'ЄДНАННЯ «АДВОКАТСЬКА ФІРМА «ГРАМАЦЬКИЙ І ПАРТНЕРИ»,20079127
СП «ВЕЗУВІО ЛТД»,14299913
ТОВАРИСТВО З ОБМЕЖЕНОЮ ВІДПОВІДАЛЬНІСТЮ «ФІТ-ЛАЙТ»,39847831
ТОВАРИСТВО З ОБМЕЖЕНОЮ ВІДПОВІДАЛЬНІСТЮ «КОРВЕТ-ТМ»,34761472
ПРИВАТНЕ ПІДПРИЄМСТВО «БЮРО ЕКОНОМІЧНОЇ ТА ПРАВОВОЇ БЕЗПЕКИ»,31174142
ТОВАРИСТВО З ОБМЕЖЕНОЮ ВІДПОВІДАЛЬНІСТЮ «НАНЕКС»,37177442
ТОВАРИСТВО З ОБМЕЖЕНОЮ ВІДПОВІДАЛЬНІСТЮ «КИЇВСЬКИЙ»,39477434
ТОВАРИСТВО З ОБМЕЖЕНОЮ ВІДПОВІДАЛЬНІСТЮ «ЮКА»,32911203
ТОВАРИСТВО З ОБМЕЖЕНОЮ ВІДПОВІДАЛЬНІСТЮ «ТЕКІЛА ХАУС»,25636354
ТОВАРИСТВО З ОБМЕЖЕНОЮ ВІДПОВІДАЛЬНІСТЮ «КОНЦЕРН ЄВРОПА»,20046820
ТОВАРИСТВО З ОБМЕЖЕНОЮ ВІДПОВІДАЛЬНІСТЮ «ФТД-РИТЕЙЛ»,43890029
АКЦІОНЕРНЕ ТОВАРИСТВО «ДИТЯЧИЙ СВІТ КИЇВ»,21504897
ТОВАРИСТВО З ОБМЕЖЕНОЮ ВІДПОВІДАЛЬНІСТЮ «КОМПАНІЯ З УПРАВЛІННЯ АКТИВАМИ «КРІСТАЛ ЕССЕТ МЕНЕДЖМЕНТ»,33943393
АКЦІОНЕРНЕ ТОВАРИСТВО «ГЛОБАЛ СКЕЙД»,2016241
ТОВАРИСТВО З ОБМЕЖЕНОЮ ВІДПОВІДАЛЬНІСТЮ «МЕДИЧНИЙ ЦЕНТР «СЕНСАВІ»,37332007
ТОВАРИСТВО З ОБМЕЖЕНОЮ ВІДПОВІДАЛЬНІСТЮ «ЕГЛО СВІТ»,40142802
ПРИВАТНЕ ПІДПРИЄМСТВО «КЛІНІКА МЕДІКОМ»,31521356
ТОВАРИСТВО З ОБМЕЖЕНОЮ ВІДПОВІДАЛЬНІСТЮ «ЧАС ПОСМІШКИ»,39625992
ТОВАРИСТВО З ОБМЕЖЕНОЮ ВІДПОВІДАЛЬНІСТЮ «ПРОДАГРОСЕРВІС»,22888316
ТДВ «ІНСТИТУТ РАДІОВИМІРЮВАЛЬНОЇ АПАРАТУРИ»,14313010
АКЦІОНЕРНЕ ТОВАРИСТВО «ЄВРОПЕЙСЬКИЙ ПРОМИСЛОВИЙ БАНК»,36061927
ТОВАРИСТВО З ОБМЕЖЕНОЮ ВІДПОВІДАЛЬНІСТЮ «УКРХОТЕЛІНВЕСТ КОМПАНІ»,37080867
ТОВАРИСТВО З ОБМЕЖЕНОЮ ВІДПОВІДАЛЬНІСТЮ «ЄВРОСЕТ»,24583064
ПРИВАТНЕ АКЦІОНЕРНЕ ТОВАРИСТВО «ФАРМАЦЕВТИЧНА ФІРМА «ДАРНИЦЯ»,481212
ТОВАРИСТВО З ОБМЕЖЕНОЮ ВІДПОВІДАЛЬНІСТЮ «СПОРТ-ІНВЕСТ ЛТД»,38348442
ТОВАРИСТВО З ОБМЕЖЕНОЮ ВІДПОВІДАЛЬНІСТЮ «АРТ КОМ»,38568525
ТОВАРИСТВО З ОБМЕЖЕНОЮ ВІДПОВІДАЛЬНІСТЮ «ІЛ МОЛІНО»,40023484
ПРИВАТНЕ ПІДПРИЄМСТВО «ЦЕРЕРА Л.Т.Д.»,32248183
ТОВАРИСТВО З ОБМЕЖЕНОЮ ВІДПОВІДАЛЬНІСТЮ «СТОЛИЧНА ПРОЕКТНО-БУДІВЕЛЬНА КОМПАНІЯ»,40247069
ТОВАРИСТВО З ОБМЕЖЕНОЮ ВІДПОВІДАЛЬНІСТЮ «ІНСТИТУТ ПЛАНУВАННЯ СІМ'Ї»,38939030
ТОВАРИСТВО З ОБМЕЖЕНОЮ ВІДПОВІДАЛЬНІСТЮ «РОЯЛТІ-РЕНТ»,34895875
ТОВАРИСТВО З ОБМЕЖЕНОЮ ВІДПОВІДАЛЬНІСТЮ «ПАНОРАМА-ІНВЕСТ»,32206363
ПУБЛІЧНЕ АКЦІОНЕРНЕ ТОВАРИСТВО «БАНК ВОСТОК»,26237202
ТОВАРИСТВО З ОБМЕЖЕНОЮ ВІДПОВІДАЛЬНІСТЮ «І П П О Н»,39826963
ТОВАРИСТВО З ОБМЕЖЕНОЮ ВІДПОВІДАЛЬНІСТЮ «ЄВРОПЕЙСЬКА СТОМАТОЛОГІЧНА КОМПАНІЯ»,40390514
ТОВАРИСТВО З ОБМЕЖЕНОЮ ВІДПОВІДАЛЬНІСТЮ СП «РІФ - 1»,14339624
АКЦІОНЕРНЕ ТОВАРИСТВО «СЕНС БАНК»,23494714
ТОВАРИСТВО З ОБМЕЖЕНОЮ ВІДПОВІДАЛЬНІСТЮ «ЦЕНТР СУЧАСНОЇ СТОМАТОЛОГІЇ»,38497659
ТОВАРИСТВО З ОБМЕЖЕНОЮ ВІДПОВІДАЛЬНІСТЮ «ПХ ГРУП»,32950525
ТОВАРИСТВО З ОБМЕЖЕНОЮ ВІДПОВІДАЛЬНІСТЮ «СОТА-АЛЬЯНС»,34001007
ПРИВАТНЕ ПІДПРИЄМСТВО «СТОМАТОЛОГІЯ КМВ»,33148266
ТОВАРИСТВО З ОБМЕЖЕНОЮ ВІДПОВІДАЛЬНІСТЮ «АБ ІНВЕСТИЦІЇ ТА РОЗВИТОК»,34492809
ТОВАРИСТВО З ОБМЕЖЕНОЮ ВІДПОВІДАЛЬНІСТЮ «КОНТИНЕНТ ФУД»,40901289
ТОВАРИСТВО З ОБМЕЖЕНОЮ ВІДПОВІДАЛЬНІСТЮ «СТАРДЕНТ»,41251500
ТОВАРИСТВО З ОБМЕЖЕНОЮ ВІДПОВІДАЛЬНІСТЮ «ОПКО»,37118811
ТОВАРИСТВО З ОБМЕЖЕНОЮ ВІДПОВІДАЛЬНІСТЮ «СЕРВУС»,35376388
ТОВАРИСТВО З ОБМЕЖЕНОЮ ВІДПОВІДАЛЬНІСТЮ «РЕСТ КОМ 36»,38805996
ТОВАРИСТВО З ОБМЕЖЕНОЮ ВІДПОВІДАЛЬНІСТЮ «В РЕБРО»,41149510
ТОВАРИСТВО З ОБМЕЖЕНОЮ ВІДПОВІДАЛЬНІСТЮ «УЗВІЗ»,30217939
ТОВАРИСТВО З ОБМЕЖЕНОЮ ВІДПОВІДАЛЬНІСТЮ «ПЕТМАЙСТЕР»,44753782
ТОВАРИСТВО З ОБМЕЖЕНОЮ ВІДПОВІДАЛЬНІСТЮ «ЕРНСТ ЕНД ЯНГ»,33306958
ТОВАРИСТВО З ОБМЕЖЕНОЮ ВІДПОВІДАЛЬНІСТЮ «КОМПЛЕКТ»,30302730
ТОВАРИСТВО З ОБМЕЖЕНОЮ ВІДПОВІДАЛЬНІСТЮ «ВСМК-ТРЕЙД»,40853644
ТОВАРИСТВО З ОБМЕЖЕНОЮ ВІДПОВІДАЛЬНІСТЮ «КОНТРОЛЬ КЛУБ»,41310838
ТОВАРИСТВО З ОБМЕЖЕНОЮ ВІДПОВІДАЛЬНІСТЮ «ДЕНЗА КОНСТРАКШЕН»,37479424
ТОВАРИСТВО З ОБМЕЖЕНОЮ ВІДПОВІДАЛЬНІСТЮ «ВОЛТІС ГРУП»,35790064
ТОВАРИСТВО З ОБМЕЖЕНОЮ ВІДПОВІДАЛЬНІСТЮ «МАР КО ГРУП»,36939222
ТОВАРИСТВО З ОБМЕЖЕНОЮ ВІДПОВІДАЛЬНІСТЮ «ПАЛ»,19038175
ТОВАРИСТВО З ОБМЕЖЕНОЮ ВІДПОВІДАЛЬНІСТЮ «ЧІЗ 2015»,40016770
ТОВАРИСТВО З ОБМЕЖЕНОЮ ВІДПОВІДАЛЬНІСТЮ «АПТЕКАРЬ»,34183689
ТОВАРИСТВО З ОБМЕЖЕНОЮ ВІДПОВІДАЛЬНІСТЮ «НАУКОВИЙ ЦЕНТР СТОМАТОЛОГІЇ ТА УЛЬТРАЗВУКОВОЇ ХІРУРГІЇ»,39811847
ТОВАРИСТВО З ОБМЕЖЕНОЮ ВІДПОВІДАЛЬНІСТЮ «БОГДАН-АВТО ПОДІЛ»,37724920
ТОВАРИСТВО З ОБМЕЖЕНОЮ ВІДПОВІДАЛЬНІСТЮ «ФОРУМ ГРУП УКРАЇНА»,40900270
АКЦІОНЕРНЕ ТОВАРИСТВО «ЮНЕКС БАНК»,20023569
ПРИВАТНЕ ПІДПРИЄМСТВО «МЕБЛЕВА ФАБРИКА «МІРТ»»,13549302
ТОВАРИСТВО З ОБМЕЖЕНОЮ ВІДПОВІДАЛЬНІСТЮ «ФІНАНСОВА КОМПАНІЯ «АЛЬФА-ІНВЕСТ ГРУП»,39013808
ТОВАРИСТВО З ОБМЕЖЕНОЮ ВІДПОВІДАЛЬНІСТЮ «ЦЕНТР ПРОГРАМНОГО ЗАБЕЗПЕЧЕННЯ «СОФТКОМ»,38516922
ТОВАРИСТВО З ОБМЕЖЕНОЮ ВІДПОВІДАЛЬНІСТЮ «САНДІ ГРУП»,39832280
ПОВНЕ ТОВАРИСТВО «ЛОМБАРД «ЗОЛОТА СКРИНЯ» ЩЕРБАЦЬКИЙ І КОМПАНІЯ»,36037187
ТОВАРИСТВО З ОБМЕЖЕНОЮ ВІДПОВІДАЛЬНІСТЮ «АВТОБЛИСК-ФОРМУЛА»,35223453
ТОВАРИСТВО З ОБМЕЖЕНОЮ ВІДПОВІДАЛЬНІСТЮ «ФАВОРИТ-2011»,37413405
ТОВАРИСТВО З ОБМЕЖЕНОЮ ВІДПОВІДАЛЬНІСТЮ «ТРАШ»,40688123
ТОВАРИСТВО З ОБМЕЖЕНОЮ ВІДПОВІДАЛЬНІСТЮ «КРАФТІС»,39880381
ТОВАРИСТВО З ОБМЕЖЕНОЮ ВІДПОВІДАЛЬНІСТЮ «ЕЛІАНА-ТУР»,38912066
АКЦІОНЕРНЕ ТОВАРИСТВО «БАНК КРЕДИТ ДНІПРО»,14352406
ТОВАРИСТВО З ОБМЕЖЕНОЮ ВІДПОВІДАЛЬНІСТЮ «КИЇВ ІНВЕСТ»,31086182
ТОВАРИСТВО З ОБМЕЖЕНОЮ ВІДПОВІДАЛЬНІСТЮ «СПІК АП УКРАЇНА»,38604154
ТОВАРИСТВО З ОБМЕЖЕНОЮ ВІДПОВІДАЛЬНІСТЮ «ІСІДА-IVF»,21642567
АКЦІОНЕРНЕ ТОВАРИСТВО «СТРАХОВА КОМПАНІЯ «ІНГО»,16285602
ГО «ДИТЯЧИЙ МУЗИЧНИЙ ТЕАТР «ФАНТАЗІЯ»,40215833
ТОВАРИСТВО З ОБМЕЖЕНОЮ ВІДПОВІДАЛЬНІСТЮ «ІНКОМ МАРКЕТ»,37848498
ТОВАРИСТВО З ОБМЕЖЕНОЮ ВІДПОВІДАЛЬНІСТЮ «СТОМЛАЙФ»,33692728
ТОВАРИСТВО З ОБМЕЖЕНОЮ ВІДПОВІДАЛЬНІСТЮ «АПТЕКА НИЗЬКИХ ЦІН ПЛЮС»,37226619
ТОВАРИСТВО З ОБМЕЖЕНОЮ ВІДПОВІДАЛЬНІСТЮ «ЛЄАРТ»,42664921
ТОВАРИСТВО З ОБМЕЖЕНОЮ ВІДПОВІДАЛЬНІСТЮ «ПОРДУЛАСА»,36815854
ТОВАРИСТВО З ОБМЕЖЕНОЮ ВІДПОВІДАЛЬНІСТЮ «ПРЕМ'ЄР БУЛАНЖЕР»,38237816
ТОВАРИСТВО З ОБМЕЖЕНОЮ ВІДПОВІДАЛЬНІСТЮ «ТОРГОВИЙ ДІМ «ОМЕГА-КИЇВ»,31305675
ТОВАРИСТВО З ОБМЕЖЕНОЮ ВІДПОВІДАЛЬНІСТЮ «СИНТЕЗ 2013»,38489229
ТОВАРИСТВО З ОБМЕЖЕНОЮ ВІДПОВІДАЛЬНІСТЮ «ДІАГНОСТИЧНИЙ ЦЕНТР «МЕДЕКС»,35249881
ТОВАРИСТВО З ОБМЕЖЕНОЮ ВІДПОВІДАЛЬНІСТЮ «ГАМА-УКРАЇНА»,22968630
ТОВАРИСТВО З ОБМЕЖЕНОЮ ВІДПОВІДАЛЬНІСТЮ «ІМПЕРІЯ ФІТНЕСА»,40516942
ТОВАРИСТВО З ОБМЕЖЕНОЮ ВІДПОВІДАЛЬНІСТЮ «БУДИНОК ПОДАРУНКІВ»,34979153
ТОВАРИСТВО З ОБМЕЖЕНОЮ ВІДПОВІДАЛЬНІСТЮ «КОНДИТЕРСЬКА ВОЛКОНСЬКОГО»,33193958
ТОВАРИСТВО З ОБМЕЖЕНОЮ ВІДПОВІДАЛЬНІСТЮ «ЗЛАГОДА ІНТУР»,39894986
ПРИВАТНЕ ПІДПРИЄМСТВО «СТОМАКЦІОНЕРНЕ ТОВАРИСТВО ЕТАЛОН»,33938048
ТОВАРИСТВО З ОБМЕЖЕНОЮ ВІДПОВІДАЛЬНІСТЮ «ПОРТАТИВ»,34431939
ТОВАРИСТВО З ОБМЕЖЕНОЮ ВІДПОВІДАЛЬНІСТЮ «КЛІНІКА «ВІТАЦЕЛЛ»,32921468
ТОВАРИСТВО З ОБМЕЖЕНОЮ ВІДПОВІДАЛЬНІСТЮ «КОМП'ЮТЕР-КИЇВ»,31451769
ТОВАРИСТВО З ОБМЕЖЕНОЮ ВІДПОВІДАЛЬНІСТЮ «АРНІКА»,30524779
ТОВАРИСТВО З ОБМЕЖЕНОЮ ВІДПОВІДАЛЬНІСТЮ «ГАРАНТ-Н»,31808397
ТОВАРИСТВО З ОБМЕЖЕНОЮ ВІДПОВІДАЛЬНІСТЮ «АСТІЯ СОЛЮШИНС»,32308027
ТОВАРИСТВО З ОБМЕЖЕНОЮ ВІДПОВІДАЛЬНІСТЮ «ДЖАННІ-ХХІ»,33833975
ТОВАРИСТВО З ОБМЕЖЕНОЮ ВІДПОВІДАЛЬНІСТЮ «СВП ПЛЮС»,37244754
ДОЧІРНЄ ПІДПРИЄМСТВО «ХУМАНА ПІПЛ ТУ ПІПЛ УКРАЇНА»,32309853
ТОВАРИСТВО З ОБМЕЖЕНОЮ ВІДПОВІДАЛЬНІСТЮ «ДАЙРЕКТ КОННЕКШН СЕРВІС»,36997965
ТОВАРИСТВО З ОБМЕЖЕНОЮ ВІДПОВІДАЛЬНІСТЮ «МАЙКРОСОФТ УКРАЇНА»,32383277
ТОВАРИСТВО З ОБМЕЖЕНОЮ ВІДПОВІДАЛЬНІСТЮ «ПАЛАЦ СУШИ»,37479340
ТОВАРИСТВО З ОБМЕЖЕНОЮ ВІДПОВІДАЛЬНІСТЮ «ОПТОВА МЕРЕЖА 2011»,37881624
ТОВАРИСТВО З ОБМЕЖЕНОЮ ВІДПОВІДАЛЬНІСТЮ «ДЖАМП ІНТЕРІОР»,41847123
ТОВАРИСТВО З ОБМЕЖЕНОЮ ВІДПОВІДАЛЬНІСТЮ «АСТ КОМПАНІ»,38615606
ТОВАРИСТВО З ОБМЕЖЕНОЮ ВІДПОВІДАЛЬНІСТЮ «АСТЕК- СЕРВІС»,22968334
ПРИВАТНЕ ПІДПРИЄМСТВО «ПАО»,32554391
ТОВАРИСТВО З ОБМЕЖЕНОЮ ВІДПОВІДАЛЬНІСТЮ «УКРАЇНСЬКО-НІМЕЦЬКИЙ ПРОТИВИРАЗКОВИЙ ГАСТРОЕНТЕРОЛОГІЧНИЙ ЦЕНТР «БІК-КИЇВ»,25409813
ТОВАРИСТВО З ОБМЕЖЕНОЮ ВІДПОВІДАЛЬНІСТЮ «КЕРХЕР»,34003237
ТОВАРИСТВО З ОБМЕЖЕНОЮ ВІДПОВІДАЛЬНІСТЮ «УКРАЇНСЬКА АВТОМОБІЛЬНА КОРПОРАЦІЯ»,3121566
ТОВАРИСТВО З ОБМЕЖЕНОЮ ВІДПОВІДАЛЬНІСТЮ «ЧЕКОЛЯДА»,37725149
ТОВАРИСТВО З ОБМЕЖЕНОЮ ВІДПОВІДАЛЬНІСТЮ «АВТОМОБІЛЬНА ГРУПА «БОГДАН»,32347815
ТОВАРИСТВО З ОБМЕЖЕНОЮ ВІДПОВІДАЛЬНІСТЮ «АХСАН»,39820558
"ПРИВАТНА ОРГАНІЗАЦІЯ (УСТАНОВА,ЗАКЛАД) «ЗАКЛАД ЗАГАЛЬНОЇ СЕРЕДНЬОЇ ОСВІТИ «МІЖНАРОДНИЙ ЛІЦЕЙ ГЛОБУС» М. КИЄВА",38637640
ТОВАРИСТВО З ОБМЕЖЕНОЮ ВІДПОВІДАЛЬНІСТЮ «ЛЕКФАРМ»,31449860
ТОВАРИСТВО З ОБМЕЖЕНОЮ ВІДПОВІДАЛЬНІСТЮ «КРАЇНА КАЗОК»,37392587
ТОВАРИСТВО З ОБМЕЖЕНОЮ ВІДПОВІДАЛЬНІСТЮ «СОКАР ПЕТРОЛЕУМ»,38305367
ТОВАРИСТВО З ОБМЕЖЕНОЮ ВІДПОВІДАЛЬНІСТЮ «ЮКРЕЙН ЕНЕРДЖІ»,39932408
ТОВАРИСТВО З ОБМЕЖЕНОЮ ВІДПОВІДАЛЬНІСТЮ «АПТЕКА 7»,35315346
ТОВАРИСТВО З ОБМЕЖЕНОЮ ВІДПОВІДАЛЬНІСТЮ «ЖОЛДІФАРМ»,37357084
ТОВАРИСТВО З ОБМЕЖЕНОЮ ВІДПОВІДАЛЬНІСТЮ «ПРОФІЦЕНТР КВІТКА»,32327296
ТОВАРИСТВО З ОБМЕЖЕНОЮ ВІДПОВІДАЛЬНІСТЮ «БЛЕК СІ ХОТЕЛ ГРУП»,39783349
ТОВАРИСТВО З ОБМЕЖЕНОЮ ВІДПОВІДАЛЬНІСТЮ «АСКЕР»,32856682
ТОВАРИСТВО З ОБМЕЖЕНОЮ ВІДПОВІДАЛЬНІСТЮ «АКРОПОЛІС ГРУП»,32734159
ТОВАРИСТВО З ОБМЕЖЕНОЮ ВІДПОВІДАЛЬНІСТЮ «ІГНАР»,30251550
АКЦІОНЕРНЕ ТОВАРИСТВО «УКРАЇНСЬКА ФІНАНСОВА ГРУПА»,14285934
ТОВАРИСТВО З ОБМЕЖЕНОЮ ВІДПОВІДАЛЬНІСТЮ «ЮВЕ - КИЇВ»,14348327
ПРИВАТНЕ ПІДПРИЄМСТВО «ЕНІМАЛ КЛІНІК»,41882833
ТОВАРИСТВО З ОБМЕЖЕНОЮ ВІДПОВІДАЛЬНІСТЮ «ЛЕВІТЕР»,39871094
АКЦІОНЕРНЕ ТОВАРИСТВО «КОМІНБАНК»,21580639
ДП «АМЕРИКАНСЬКИЙ ЦЕНТР МЕДИЧНОЇ ДОПОМОГИ»,23714765
ТОВАРИСТВО З ОБМЕЖЕНОЮ ВІДПОВІДАЛЬНІСТЮ «КЛАСИК-Р»,32587055
ТОВАРИСТВО З ОБМЕЖЕНОЮ ВІДПОВІДАЛЬНІСТЮ «ДІАЛОГ ПАРТНЕР»,19120758
ТОВАРИСТВО З ОБМЕЖЕНОЮ ВІДПОВІДАЛЬНІСТЮ «ЕЙ. ДЖ. ЕЙ. ТРЕЙДІНГ УКРАЇНА»,35366060
ТОВАРИСТВО З ОБМЕЖЕНОЮ ВІДПОВІДАЛЬНІСТЮ «МЕТРО КЕШ ЕНД КЕРІ УКРАЇНА»,32049199
ТОВАРИСТВО З ОБМЕЖЕНОЮ ВІДПОВІДАЛЬНІСТЮ «ЦЕНТР ЛАЗЕРНОЇ ЕСТЕТИКИ»,31025470
ТОВАРИСТВО З ОБМЕЖЕНОЮ ВІДПОВІДАЛЬНІСТЮ «КОМПАНІЯ ВЕРТИКАЛЬ ЛТД»,35207731
ПРИВАТНЕ АКЦІОНЕРНЕ ТОВАРИСТВО «ЛІВОБЕРЕЖЖЯІНВЕСТ»,35391700
ТОВАРИСТВО З ОБМЕЖЕНОЮ ВІДПОВІДАЛЬНІСТЮ «АІРКОНД ЛТД»,44660028
ТОВАРИСТВО З ОБМЕЖЕНОЮ ВІДПОВІДАЛЬНІСТЮ «СТОЛИЦЯ»,32248073
ТОВАРИСТВО З ОБМЕЖЕНОЮ ВІДПОВІДАЛЬНІСТЮ «ПРАЙС ПОІНТ»,41441229
ДЕРЖАВНЕ ПІДПРИЄМСТВО «ОЛІМПІЙСЬКИЙ НАВЧАЛЬНО-СПОРТИВНИЙ ЦЕНТР «КОНЧА-ЗАСПА»,38217021
ТОВАРИСТВО З ОБМЕЖЕНОЮ ВІДПОВІДАЛЬНІСТЮ «АРІТЕЙЛ»,41135005
ТОВАРИСТВО З ОБМЕЖЕНОЮ ВІДПОВІДАЛЬНІСТЮ «БРЕНДС СЕЛЛЕР»,41145427
ПРИВАТНЕ АКЦІОНЕРНЕ ТОВАРИСТВО «ОБОЛОНЬ»,5391057
ТОВАРИСТВО З ОБМЕЖЕНОЮ ВІДПОВІДАЛЬНІСТЮ «СЛАЛЕН»,19038293
ТОВАРИСТВО З ОБМЕЖЕНОЮ ВІДПОВІДАЛЬНІСТЮ «ЛЯНТРИКОТ»,38005403
ТОВАРИСТВО З ОБМЕЖЕНОЮ ВІДПОВІДАЛЬНІСТЮ «ЗЕНІТ С»,36291337
ТОВАРИСТВО З ОБМЕЖЕНОЮ ВІДПОВІДАЛЬНІСТЮ «ТЕРМОІМПУЛЬС»,36557951
ТОВАРИСТВО З ОБМЕЖЕНОЮ ВІДПОВІДАЛЬНІСТЮ «МЕДГАРАНТ»,23528235
ТОВАРИСТВО З ОБМЕЖЕНОЮ ВІДПОВІДАЛЬНІСТЮ «БАРРІК»,39370201
ТОВАРИСТВО З ОБМЕЖЕНОЮ ВІДПОВІДАЛЬНІСТЮ «МАЙСТЕРНЯ ПОСМІШКИ»,38538731
ТОВАРИСТВО З ОБМЕЖЕНОЮ ВІДПОВІДАЛЬНІСТЮ «АКАДЕМІЯ ВАШОГО ЗДОРОВ'Я»,39232850
ТОВАРИСТВО З ОБМЕЖЕНОЮ ВІДПОВІДАЛЬНІСТЮ «СУШИ ТЕРЕМ»,41258710
ТОВАРИСТВО З ОБМЕЖЕНОЮ ВІДПОВІДАЛЬНІСТЮ «МЕТАЛ ХОЛДІНГ ТРЕЙД»,37412768
ТОВАРИСТВО З ОБМЕЖЕНОЮ ВІДПОВІДАЛЬНІСТЮ «СУЧАСНІ ВАНТАЖІВКИ»,36085246
ПРИВАТНЕ ПІДПРИЄМСТВО «ПМ-20»,36885319
ТОВАРИСТВО З ОБМЕЖЕНОЮ ВІДПОВІДАЛЬНІСТЮ «КИЇВ ІНТЕРТЕЙМЕНТ ГРУП»,37739350
ТОВАРИСТВО З ОБМЕЖЕНОЮ ВІДПОВІДАЛЬНІСТЮ «ЕКСПЕРТНЕ БЮРО «СТОЛИЦЯ»,37936023
ТОВАРИСТВО З ОБМЕЖЕНОЮ ВІДПОВІДАЛЬНІСТЮ «МЕДИЧНИЙ ЦЕНТР СТОМАТОЛОГІЯ ФОРМУЛА 1»,38891722
ТОВАРИСТВО З ОБМЕЖЕНОЮ ВІДПОВІДАЛЬНІСТЮ «МЕТАСЕЙФ»,45705609
АКЦІОНЕРНЕ ТОВАРИСТВО «СТРАХОВА КОМПАНІЯ «ПЗУ УКРАЇНА»,20782312
ТОВАРИСТВО З ОБМЕЖЕНОЮ ВІДПОВІДАЛЬНІСТЮ «ЯРОСЛАВА»,19492477
ТОВАРИСТВО З ОБМЕЖЕНОЮ ВІДПОВІДАЛЬНІСТЮ «ПЯНА ВИШНЯ НА ВАСИЛЬКІВСЬКІЙ»,41900286
ПРИВАТНЕ ПІДПРИЄМСТВО «ЕДО»,30214545
ТОВАРИСТВО З ОБМЕЖЕНОЮ ВІДПОВІДАЛЬНІСТЮ «АРГО-ТОРГІВЕЛЬНА МЕРЕЖА»,32249009
ТОВАРИСТВО З ОБМЕЖЕНОЮ ВІДПОВІДАЛЬНІСТЮ «ОСІМА»,40289842
ТОВАРИСТВО З ОБМЕЖЕНОЮ ВІДПОВІДАЛЬНІСТЮ «ГАСТРОЦЕНТР»,41181858
ТОВАРИСТВО З ОБМЕЖЕНОЮ ВІДПОВІДАЛЬНІСТЮ «САВІКЕТОР»,25589554
ТОВАРИСТВО З ОБМЕЖЕНОЮ ВІДПОВІДАЛЬНІСТЮ «ЮВІКОНД»,39452252
ТОВАРИСТВО З ОБМЕЖЕНОЮ ВІДПОВІДАЛЬНІСТЮ «КОФЕ ІНН ПЛЮС»,36174828
ТОВАРИСТВО З ОБМЕЖЕНОЮ ВІДПОВІДАЛЬНІСТЮ «ЦАРСТВО ВКУСА»,38833173
ТОВАРИСТВО З ОБМЕЖЕНОЮ ВІДПОВІДАЛЬНІСТЮ «ГЕРА ЛЮКС»,38204320
ТОВАРИСТВО З ОБМЕЖЕНОЮ ВІДПОВІДАЛЬНІСТЮ «ЛЕГРАНД УКРАЇНА»,33405118
ТОВАРИСТВО З ОБМЕЖЕНОЮ ВІДПОВІДАЛЬНІСТЮ «СІМТЕК ЛІНІЯ DEKO»,21625773
ТОВАРИСТВО З ОБМЕЖЕНОЮ ВІДПОВІДАЛЬНІСТЮ «ВЕЛЮКС УКРАЇНА»,31662199
ТОВАРИСТВО З ОБМЕЖЕНОЮ ВІДПОВІДАЛЬНІСТЮ «АТЛ - АВТОСЕРВІС»,39696432
ПРИВАТНЕ ПІДПРИЄМСТВО «ФАРМАБЕНЕ»,34398856
ТОВАРИСТВО З ОБМЕЖЕНОЮ ВІДПОВІДАЛЬНІСТЮ «ТС ПЛЮС»,36264680
ТОВАРИСТВО З ОБМЕЖЕНОЮ ВІДПОВІДАЛЬНІСТЮ «ОЛВІ МЕД»,44062019
ТОВАРИСТВО З ОБМЕЖЕНОЮ ВІДПОВІДАЛЬНІСТЮ «СТОМАТОЛОГІЯ РОМАНЕНКО В.І.- РОМАШКА»,39706620
ТОВАРИСТВО З ОБМЕЖЕНОЮ ВІДПОВІДАЛЬНІСТЮ «БАРОЛДІ»,37460036
ТОВАРИСТВО З ОБМЕЖЕНОЮ ВІДПОВІДАЛЬНІСТЮ ЛІКУВАЛЬНО-ДІАГНОСТИЧНИЙ ЦЕНТР «ДІАГНОСТИК»,24590495
ТОВАРИСТВО З ОБМЕЖЕНОЮ ВІДПОВІДАЛЬНІСТЮ «ФОЛКМАРТ»,41665641
ТОВАРИСТВО З ОБМЕЖЕНОЮ ВІДПОВІДАЛЬНІСТЮ «ЄВРОФАРМ СІТІ»,41345043
ТОВАРИСТВО З ОБМЕЖЕНОЮ ВІДПОВІДАЛЬНІСТЮ «ДЕНТАЛ БРИЗ»,40717688
ТОВАРИСТВО З ОБМЕЖЕНОЮ ВІДПОВІДАЛЬНІСТЮ «АКАДЕМІЯ СУЧАСНОЇ ОСВІТИ»,38005272
ТОВАРИСТВО З ОБМЕЖЕНОЮ ВІДПОВІДАЛЬНІСТЮ «КОМФОРТНА ОСЕЛЯ»,35241463
ТОВАРИСТВО З ОБМЕЖЕНОЮ ВІДПОВІДАЛЬНІСТЮ «ЕЛІТА»,30109423
ТОВАРИСТВО З ОБМЕЖЕНОЮ ВІДПОВІДАЛЬНІСТЮ «ТАВАТА»,41129515
ТОВАРИСТВО З ОБМЕЖЕНОЮ ВІДПОВІДАЛЬНІСТЮ «ДІАМАНТ 2008»,36100358
ТОВАРИСТВО З ОБМЕЖЕНОЮ ВІДПОВІДАЛЬНІСТЮ «КРОУ»,32589728
ТОВАРИСТВО З ОБМЕЖЕНОЮ ВІДПОВІДАЛЬНІСТЮ «БРІКОЛЯЖ УКРАЇНА»,36591259
ТОВАРИСТВО З ОБМЕЖЕНОЮ ВІДПОВІДАЛЬНІСТЮ «ДЕЛЬТА ТЕКС»,37357021
ТОВАРИСТВО З ОБМЕЖЕНОЮ ВІДПОВІДАЛЬНІСТЮ «АВАНТО ПЛЮС»,31454451
ТОВАРИСТВО З ОБМЕЖЕНОЮ ВІДПОВІДАЛЬНІСТЮ «ТОРГОВО-ПРОМИСЛОВА КОМПАНІЯ «РІКО»,30632273
ТОВАРИСТВО З ОБМЕЖЕНОЮ ВІДПОВІДАЛЬНІСТЮ «ЕСТЕТ ЦЕНТР «САНДІ ТАЙМ»,41661390
«НЕЗАЛЕЖНА ПОМІСНА ХРИСТИЯНСЬКА ЦЕРКВА «ХІЛЛСОНГ (ПІСНЯ НА ГОРІ)» У ШЕВЧЕНКІВСЬКОМУ РАЙОНІ М.КИЄВА,22908131
ТОВАРИСТВО З ОБМЕЖЕНОЮ ВІДПОВІДАЛЬНІСТЮ «ШАМБАЛА-СПОРТ»,36961457
ТОВАРИСТВО З ОБМЕЖЕНОЮ ВІДПОВІДАЛЬНІСТЮ «А.В.С. СПОРТЛАЙФ»,37265486
ТОВАРИСТВО З ОБМЕЖЕНОЮ ВІДПОВІДАЛЬНІСТЮ «МАПЕІ УКРАЇНА»,33740357
ТОВАРИСТВО З ОБМЕЖЕНОЮ ВІДПОВІДАЛЬНІСТЮ «ОФОРМИТЕЛЬ»,19137664
ТОВАРИСТВО З ОБМЕЖЕНОЮ ВІДПОВІДАЛЬНІСТЮ «АЛЬ ПАКІНО»,34527574
АКЦІОНЕРНЕ ТОВАРИСТВО «МІЖНАРОДНИЙ ІНВЕСТИЦІЙНИЙ БАНК»,35810511
ТОВАРИСТВО З ОБМЕЖЕНОЮ ВІДПОВІДАЛЬНІСТЮ «ЦЕНТР СЛУХОВОЇ РЕАБІЛІТАЦІЇ «АВРОРА»,20048339
ТОВАРИСТВО З ОБМЕЖЕНОЮ ВІДПОВІДАЛЬНІСТЮ «ДЕНТЕРА ПЛЮС»,36480769
ТОВАРИСТВО З ОБМЕЖЕНОЮ ВІДПОВІДАЛЬНІСТЮ «САЛОН МЕБЛІВ «РУСАНІВКА»,16394662
ПРИВАТНЕ ПІДПРИЄМСТВО «АЛЬЯНС-СВ»,24917753
ТОВАРИСТВО З ОБМЕЖЕНОЮ ВІДПОВІДАЛЬНІСТЮ «АЛЬЯНС БУДІВЕЛЬНИКІВ УКРАЇНИ»,37354345
ПРИВАТНЕ АКЦІОНЕРНЕ ТОВАРИСТВО «ДЕЛОЙТ ЕНД ТУШ ЮКРЕЙНІАН СЕРВІСЕЗ КОМПАНІ»,25642478
ПРИВАТНЕ ПІДПРИЄМСТВО «СКРИНЯ»,31954471
ТОВАРИСТВО З ОБМЕЖЕНОЮ ВІДПОВІДАЛЬНІСТЮ «МІЖНАРОДНА СТОМАТОЛОГІЧНА КОМПАНІЯ»,37688165
ТОВАРИСТВО З ОБМЕЖЕНОЮ ВІДПОВІДАЛЬНІСТЮ «КОНЦЕПТ-ГРУПП»,38751281
ТОВАРИСТВО З ОБМЕЖЕНОЮ ВІДПОВІДАЛЬНІСТЮ «МШФ КИЇВ»,32959512
ПОВНЕ ТОВАРИСТВО «ЛОМБАРД «КОМОД» ГОРБАЧ ОЛЕКСАНДР ОЛЕГОВИЧ І КОМПАНІЯ»,36469834
ПРИВАТНЕ ПІДПРИЄМСТВО «ФОР-САЖ»,32240273
ТОВАРИСТВО З ОБМЕЖЕНОЮ ВІДПОВІДАЛЬНІСТЮ «ВОРККОНСАЛТ»,40756156
ТОВАРИСТВО З ОБМЕЖЕНОЮ ВІДПОВІДАЛЬНІСТЮ «СТЕРХ»,13725957
ТОВАРИСТВО З ОБМЕЖЕНОЮ ВІДПОВІДАЛЬНІСТЮ «СИСТЕМА 4»,32828016
ПРИВАТНЕ ПІДПРИЄМСТВО «МАКС ДЕНТ»,36859210
ПРИВАТНЕ ПІДПРИЄМСТВО «УКРПРОМПОСТАЧ-95»,39948994
ТОВАРИСТВО З ОБМЕЖЕНОЮ ВІДПОВІДАЛЬНІСТЮ «РОБЕРТ БОШ ЛТД»,14347262
ТОВАРИСТВО З ОБМЕЖЕНОЮ ВІДПОВІДАЛЬНІСТЮ «АЛСАН»,32621588
ТОВАРИСТВО З ОБМЕЖЕНОЮ ВІДПОВІДАЛЬНІСТЮ «ЛІВАНТ ВЛ»,39003903
ТОВАРИСТВО З ОБМЕЖЕНОЮ ВІДПОВІДАЛЬНІСТЮ «ПРЕМІУМ КОРК»,40573768
ТОВАРИСТВО З ОБМЕЖЕНОЮ ВІДПОВІДАЛЬНІСТЮ «КІДС ДЕНТАЛ»,38000740
ТОВАРИСТВО З ОБМЕЖЕНОЮ ВІДПОВІДАЛЬНІСТЮ «ХАМОНЕРІЯ»,42177575
АКЦІОНЕРНЕ ТОВАРИСТВО «БТА БАНК»,14359845
ТОВАРИСТВО З ОБМЕЖЕНОЮ ВІДПОВІДАЛЬНІСТЮ «КАБЕЛЬ-ІНВЕСТ»,31515697
ТОВАРИСТВО З ОБМЕЖЕНОЮ ВІДПОВІДАЛЬНІСТЮ «ЮНІВЕРСАЛ ФІТНЕС СОЛЮШН»,32983676
ТОВАРИСТВО З ОБМЕЖЕНОЮ ВІДПОВІДАЛЬНІСТЮ «ЛІНІЯ КІНО»,32706561
АКЦІОНЕРНЕ ТОВАРИСТВО «МЕГАБАНК»,9804119
ТОВАРИСТВО З ОБМЕЖЕНОЮ ВІДПОВІДАЛЬНІСТЮ «КИЇВКЛІМАТМОНТАЖ»,42001457
ТОВАРИСТВО З ОБМЕЖЕНОЮ ВІДПОВІДАЛЬНІСТЮ «ОРЕНАДА»,41732534
ТОВАРИСТВО З ОБМЕЖЕНОЮ ВІДПОВІДАЛЬНІСТЮ «СЕРВІС-ПОІНТ»,40782610
ТОВАРИСТВО З ОБМЕЖЕНОЮ ВІДПОВІДАЛЬНІСТЮ «АПТЕКА ДОБРОГО ДНЯ»,39196410
ТОВАРИСТВО З ОБМЕЖЕНОЮ ВІДПОВІДАЛЬНІСТЮ «УКРБУДГРУП»,32154923
ТОВАРИСТВО З ОБМЕЖЕНОЮ ВІДПОВІДАЛЬНІСТЮ «АПК-КЕРАМА»,38870262
ТОВАРИСТВО З ОБМЕЖЕНОЮ ВІДПОВІДАЛЬНІСТЮ «ОЙЛ-СЕРВІС»,30406208
ТОВАРИСТВО З ОБМЕЖЕНОЮ ВІДПОВІДАЛЬНІСТЮ «ЛЮМІДЕНТ»,42145391
ТОВАРИСТВО З ОБМЕЖЕНОЮ ВІДПОВІДАЛЬНІСТЮ «АРТ ФУД 2015»,40011531
ТОВАРИСТВО З ОБМЕЖЕНОЮ ВІДПОВІДАЛЬНІСТЮ «КРАЇНА СПОРТУ»,41654729
АКЦІОНЕРНЕ ТОВАРИСТВО «СТРАХОВА КОМПАНІЯ «ФОРМІКА»,22917331
ТОВАРИСТВО З ОБМЕЖЕНОЮ ВІДПОВІДАЛЬНІСТЮ «ПОЧАЙНА СПЕЙС»,44216521
ТОВАРИСТВО З ОБМЕЖЕНОЮ ВІДПОВІДАЛЬНІСТЮ «СУШИ ВАЛ»,38778144
ТОВАРИСТВО З ОБМЕЖЕНОЮ ВІДПОВІДАЛЬНІСТЮ «АГЕНТСТВО ІНТЕРНЕТ ПРАВ»,37194337
ПРИВАТНЕ ПІДПРИЄМСТВО «СОФІТДЕНТ»,35507077
ТОВАРИСТВО З ОБМЕЖЕНОЮ ВІДПОВІДАЛЬНІСТЮ «КОМФОРТСТРІТ»,43721634
КОМУНАЛЬНА ОРГАНІЗАЦІЯ КИЇВСЬКИЙ ПАЛАЦ ДІТЕЙ ТА ЮНАЦТВА,2141207
ТОВАРИСТВО З ОБМЕЖЕНОЮ ВІДПОВІДАЛЬНІСТЮ «МАЙСТЕРПОЛ»,37481119
ТОВАРИСТВО З ОБМЕЖЕНОЮ ВІДПОВІДАЛЬНІСТЮ «ФАРМАСФЕРА»,38657583
ТОВАРИСТВО З ОБМЕЖЕНОЮ ВІДПОВІДАЛЬНІСТЮ «СТОМАТОЛОГІЧНА КЛІНІКА «ВІВА-ДЕНТ»,37936369
АКЦІОНЕРНЕ ТОВАРИСТВО АКЦІОНЕРНО-КОМЕРЦІЙНИЙ БАНК «ЛЬВІВ»,9801546
ТОВАРИСТВО З ОБМЕЖЕНОЮ ВІДПОВІДАЛЬНІСТЮ «БСХ ПОБУТОВА ТЕХНІКА»,33631047
ПРИВАТНЕ ПІДПРИЄМСТВО «МАСТЕР ДЕНТ»,32070126
ТОВАРИСТВО З ОБМЕЖЕНОЮ ВІДПОВІДАЛЬНІСТЮ «БЕКАС»,19136021
ТОВАРИСТВО З ОБМЕЖЕНОЮ ВІДПОВІДАЛЬНІСТЮ «ДАТТЕРІНО»,41293446
ТОВАРИСТВО З ОБМЕЖЕНОЮ ВІДПОВІДАЛЬНІСТЮ «КОНСАЛТИНГОВА КОМПАНІЯ «СІДКОН»,31957514
ТОВАРИСТВО З ОБМЕЖЕНОЮ ВІДПОВІДАЛЬНІСТЮ «ЮВЕРА»,38233240
ТОВАРИСТВО З ОБМЕЖЕНОЮ ВІДПОВІДАЛЬНІСТЮ «ВІІТ»,40247446
ТОВАРИСТВО З ОБМЕЖЕНОЮ ВІДПОВІДАЛЬНІСТЮ «ТОРГОВИЙ ДІМ «УКРТОРГМАШ»,37827970
ТОВАРИСТВО З ОБМЕЖЕНОЮ ВІДПОВІДАЛЬНІСТЮ «МЕРКУРІЙ»,32070901
ТОВАРИСТВО З ОБМЕЖЕНОЮ ВІДПОВІДАЛЬНІСТЮ «КАПРОМ»,32112616
АКЦІОНЕРНЕ ТОВАРИСТВО АКЦІОНЕРНЕ ТОВАРИСТВО «ПЕРШИЙ ІНВЕСТИЦІЙНИЙ БАНК»,26410155
ТОВАРИСТВО З ОБМЕЖЕНОЮ ВІДПОВІДАЛЬНІСТЮ «ХОТЕЛ ПРОПЕРТІ»,40091004
ТОВАРИСТВО З ОБМЕЖЕНОЮ ВІДПОВІДАЛЬНІСТЮ «ЮАМЕД ХЕЛСКЕА ВЕНЧЕРЗ»,41060679
ТОВАРИСТВО З ОБМЕЖЕНОЮ ВІДПОВІДАЛЬНІСТЮ «АРТ-СІСТЕМ»,39496200
ТОВАРИСТВО З ОБМЕЖЕНОЮ ВІДПОВІДАЛЬНІСТЮ «ВИННИЙ СИНДИКАТ»,41167642
ТОВАРИСТВО З ОБМЕЖЕНОЮ ВІДПОВІДАЛЬНІСТЮ «СІТІ СМАЙЛ»,38894550
ТОВАРИСТВО З ОБМЕЖЕНОЮ ВІДПОВІДАЛЬНІСТЮ «КОМПАНІЯ «ЕОС»,35369496
ТОВАРИСТВО З ОБМЕЖЕНОЮ ВІДПОВІДАЛЬНІСТЮ «ХОСТЕЛИ УКРАЇНИ»,37853644
ТОВАРИСТВО З ОБМЕЖЕНОЮ ВІДПОВІДАЛЬНІСТЮ «ФОРШМАК ІНВЕСТ»,39944717
ТОВАРИСТВО З ОБМЕЖЕНОЮ ВІДПОВІДАЛЬНІСТЮ «ПОДОРОЖНИК КИЇВ»,41199650
ТОВАРИСТВО З ОБМЕЖЕНОЮ ВІДПОВІДАЛЬНІСТЮ «УКРАЇНСЬКИЙ ЦЕНТР РЕАБІЛІТАЦІЇ ВЕТЕРАНІВ АФГАНІСТАНУ»,32852274
ТОВАРИСТВО З ОБМЕЖЕНОЮ ВІДПОВІДАЛЬНІСТЮ «ХЕЛСІ ЕНД ХЕПІ»,35725498
КИЇВСЬКИЙ ДРАМАТИЧНИЙ ТЕАТР «БРАВО»,16307674
ТОВАРИСТВО З ОБМЕЖЕНОЮ ВІДПОВІДАЛЬНІСТЮ «ЛІКО-МЕД»,39770387
ТОВАРИСТВО З ОБМЕЖЕНОЮ ВІДПОВІДАЛЬНІСТЮ «ЄВРОАПТЕКА»,32664312
БО «ФОНД ДУХОВНОГО ВІДРОДЖЕННЯ «ЖИВЕ ДЖЕРЕЛО»,37413667
ТОВАРИСТВО З ОБМЕЖЕНОЮ ВІДПОВІДАЛЬНІСТЮ «ДСЦ»,41533864
ТОВАРИСТВО З ОБМЕЖЕНОЮ ВІДПОВІДАЛЬНІСТЮ «ГЛОБАЛ ПРОПЕРТІ 24»,35016903
ТОВАРИСТВО З ОБМЕЖЕНОЮ ВІДПОВІДАЛЬНІСТЮ «УНІК ЛАЙН»,41932831
ТОВАРИСТВО З ОБМЕЖЕНОЮ ВІДПОВІДАЛЬНІСТЮ «ТЕЛЬБІН-МЕД»,33542738
ТОВАРИСТВО З ОБМЕЖЕНОЮ ВІДПОВІДАЛЬНІСТЮ «ЮРИДИЧНА ФІРМА «ГОРЕЦЬКИЙ І ПАРТНЕРИ»,38515830
ТОВАРИСТВО З ОБМЕЖЕНОЮ ВІДПОВІДАЛЬНІСТЮ «БЕРЕГ СУШИ»,41085541
ПРИВАТНЕ ПІДПРИЄМСТВО «ГРУПА КОМПАНІЙ ТЕХНО»,37365509
ТОВАРИСТВО З ОБМЕЖЕНОЮ ВІДПОВІДАЛЬНІСТЮ «НОВИЙ СТИЛЬ ДЛЯ ЖИТТЯ»,40849444
ТОВАРИСТВО З ОБМЕЖЕНОЮ ВІДПОВІДАЛЬНІСТЮ «КЛІНІКА ВЕРТЕБРОНЕВРОЛОГІЇ ТА КІНЕЗОТЕРАПІЇ»,39489696
ТОВАРИСТВО З ОБМЕЖЕНОЮ ВІДПОВІДАЛЬНІСТЮ «КОМПАНІЯ «НІТЕКО»,20074704
ТОВАРИСТВО З ОБМЕЖЕНОЮ ВІДПОВІДАЛЬНІСТЮ «ФУД КРАФТ»,41918251
ТОВАРИСТВО З ОБМЕЖЕНОЮ ВІДПОВІДАЛЬНІСТЮ «ЕПАМ СИСТЕМЗ»,33880213
ТОВАРИСТВО З ОБМЕЖЕНОЮ ВІДПОВІДАЛЬНІСТЮ «СТИЛЬ Д»,32014082
ТОВАРИСТВО З ОБМЕЖЕНОЮ ВІДПОВІДАЛЬНІСТЮ «ФЕСТИВАЛЬ СУШИ»,40223488
ТОВАРИСТВО З ОБМЕЖЕНОЮ ВІДПОВІДАЛЬНІСТЮ «КАРАТ»,21328928
АКЦІОНЕРНЕ ТОВАРИСТВО «ІНСТИТУТ ТРАНСПОРТУ НАФТИ»,148429
ПРИВАТНЕ АКЦІОНЕРНЕ ТОВАРИСТВО «АВТОБАЗА №1»,3449083
ТОВАРИСТВО З ОБМЕЖЕНОЮ ВІДПОВІДАЛЬНІСТЮ «ВЕТСЕМІНАР»,38564358
ДП «ЛІАГ ТЕХНІК СЕРВІС УКРАЇНА»,30116294
ТОВАРИСТВО З ОБМЕЖЕНОЮ ВІДПОВІДАЛЬНІСТЮ «БІКОМ»,19123231
ТОВАРИСТВО З ОБМЕЖЕНОЮ ВІДПОВІДАЛЬНІСТЮ «ІНТЕРН»,24738911
ТОВАРИСТВО З ОБМЕЖЕНОЮ ВІДПОВІДАЛЬНІСТЮ «АЛЯСКА КИЇВ»,44693074
ТОВАРИСТВО З ОБМЕЖЕНОЮ ВІДПОВІДАЛЬНІСТЮ «КОМЕРЦІЙНА ФІРМА «КРИСТАЛ»,23391925
ТОВАРИСТВО З ОБМЕЖЕНОЮ ВІДПОВІДАЛЬНІСТЮ «ЙОТЕКС»,41635308
ТОВАРИСТВО З ОБМЕЖЕНОЮ ВІДПОВІДАЛЬНІСТЮ «ЧАЙХОНА БАЗАР»,40243216
ПРИВАТНЕ ПІДПРИЄМСТВО ВКФ «МЕБЛЕВІ ТЕХНОЛОГІЇ»,25386816
ТОВАРИСТВО З ОБМЕЖЕНОЮ ВІДПОВІДАЛЬНІСТЮ «МЕДИСТАР»,40079249
ТОВАРИСТВО З ОБМЕЖЕНОЮ ВІДПОВІДАЛЬНІСТЮ «БЛАГОДІЯ»,37833319
ТОВАРИСТВО З ОБМЕЖЕНОЮ ВІДПОВІДАЛЬНІСТЮ «ЖИТИ СМАЧНО»,39221241
ТОВАРИСТВО З ОБМЕЖЕНОЮ ВІДПОВІДАЛЬНІСТЮ «КОНЦЕПТ-МЕДІА»,38358314
ТОВАРИСТВО З ОБМЕЖЕНОЮ ВІДПОВІДАЛЬНІСТЮ «КАСТОМ КУЛЬТУРА УКРАЇНА»,37797412
ТОВАРИСТВО З ОБМЕЖЕНОЮ ВІДПОВІДАЛЬНІСТЮ «НАШІ ДВЕРІ УКРАЇНА»,39280113
АКЦІОНЕРНЕ ТОВАРИСТВО «МОТОР СІЧ»,14307794
ТОВАРИСТВО З ОБМЕЖЕНОЮ ВІДПОВІДАЛЬНІСТЮ «МЕД-СЕРВІС»,32772863
ТОВАРИСТВО З ОБМЕЖЕНОЮ ВІДПОВІДАЛЬНІСТЮ «МЕДІАПОЛІС ЮА»,42529932
ТОВАРИСТВО З ОБМЕЖЕНОЮ ВІДПОВІДАЛЬНІСТЮ «АКСІВЕДА»,36214561
ТОВАРИСТВО З ОБМЕЖЕНОЮ ВІДПОВІДАЛЬНІСТЮ «ТОП-АУТДОР УКРАЇНА»,41406416
ТОВАРИСТВО З ОБМЕЖЕНОЮ ВІДПОВІДАЛЬНІСТЮ «РОЯЛ-ГРУП УКРАЇНА»,37815090
ТОВАРИСТВО З ОБМЕЖЕНОЮ ВІДПОВІДАЛЬНІСТЮ «КАПСУЛА ЛТД»,41531156
ТОВАРИСТВО З ОБМЕЖЕНОЮ ВІДПОВІДАЛЬНІСТЮ «МІСТО СЛАВИ»,31360882
ТОВАРИСТВО З ОБМЕЖЕНОЮ ВІДПОВІДАЛЬНІСТЮ «КУС-КУС»,41456350
ПРИВАТНЕ АКЦІОНЕРНЕ ТОВАРИСТВО «СІТІ-МАРКЕТ»,31810563
ТОВАРИСТВО З ОБМЕЖЕНОЮ ВІДПОВІДАЛЬНІСТЮ «КІНО-ДЕ-АРТ»,40741803
СПІЛЬНЕ УКРАЇНСЬКО-БЕЛЬГІЙСЬКЕ ПІДПРИЄМСТВО В ФОРМІ ТОВАРИСТВА З ОБМЕЖЕНОЮ ВІДПОВІДАЛЬНІСТЮ «РЕЙКАРЦ І ПАРТНЕРИ. УКРАЇНА»,30478157
ТОВАРИСТВО З ОБМЕЖЕНОЮ ВІДПОВІДАЛЬНІСТЮ «ТАКТИЧНІ СИСТЕМИ»,34430475
ТОВАРИСТВО З ОБМЕЖЕНОЮ ВІДПОВІДАЛЬНІСТЮ «Т ЕНД Т ПРОДЖЕКТ»,40021639
ТОВАРИСТВО З ОБМЕЖЕНОЮ ВІДПОВІДАЛЬНІСТЮ «КНИГАРНЯ «Є»,35393560
ТОВАРИСТВО З ОБМЕЖЕНОЮ ВІДПОВІДАЛЬНІСТЮ «ТД УКРАЇНСЬКИЙ ПРОДУКТ»,38707225
ТОВАРИСТВО З ОБМЕЖЕНОЮ ВІДПОВІДАЛЬНІСТЮ «СТОЛИЧНА ПЛЮС»,40477783
ТОВАРИСТВО З ОБМЕЖЕНОЮ ВІДПОВІДАЛЬНІСТЮ «АВТОБАНСЕРВІС»,31982734
ТОВАРИСТВО З ОБМЕЖЕНОЮ ВІДПОВІДАЛЬНІСТЮ «АВТОДІТИ»,39679021
ТОВАРИСТВО З ОБМЕЖЕНОЮ ВІДПОВІДАЛЬНІСТЮ «ТРАНСБОРД»,42522607
ТОВАРИСТВО З ОБМЕЖЕНОЮ ВІДПОВІДАЛЬНІСТЮ «ПАРАДАЙЗ ТУР»,39880088
ТОВАРИСТВО З ОБМЕЖЕНОЮ ВІДПОВІДАЛЬНІСТЮ «ТЕЛЕКАНАЛ «ПРЯМИЙ»,4948693
ТОВАРИСТВО З ОБМЕЖЕНОЮ ВІДПОВІДАЛЬНІСТЮ «БАККАРА»,31028340
ТОВАРИСТВО З ОБМЕЖЕНОЮ ВІДПОВІДАЛЬНІСТЮ «СІЛЗ МЛ»,36645529
ПОВНЕ ТОВАРИСТВО «ЕВ.РО.ЛОМБАРД «ЕВ.РО.ФІНАНСИ ЛТД І КОМПАНІЯ»,37508088
ТОВАРИСТВО З ОБМЕЖЕНОЮ ВІДПОВІДАЛЬНІСТЮ «АПТЕКА МІРРА»,36865664
ТОВАРИСТВО З ОБМЕЖЕНОЮ ВІДПОВІДАЛЬНІСТЮ «ГРАНД-ПЕТРОЛ»,39641883
ТОВАРИСТВО З ОБМЕЖЕНОЮ ВІДПОВІДАЛЬНІСТЮ «НІКО ІНВЕСТ»,31305004
ТОВАРИСТВО З ОБМЕЖЕНОЮ ВІДПОВІДАЛЬНІСТЮ «ДІРЕКТ ФІНАНС ІНВЕСТ»,35141875
АКЦІОНЕРНЕ ТОВАРИСТВО «АКЦІОНЕРНИЙ БАНК «РАДАБАНК»,21322127
ТОВАРИСТВО З ОБМЕЖЕНОЮ ВІДПОВІДАЛЬНІСТЮ «РЕДДЕРЕ»,38185695
ТОВАРИСТВО З ОБМЕЖЕНОЮ ВІДПОВІДАЛЬНІСТЮ «БАРКОНД»,36393404
ТОВАРИСТВО З ОБМЕЖЕНОЮ ВІДПОВІДАЛЬНІСТЮ «ФАЙНА СТРАВА»,41936768
АКЦІОНЕРНЕ ТОВАРИСТВО КИЇВСЬКА МІСЬКА ДИРЕКЦІЯ «НАЦІОНАЛЬНОЇ АКЦІОНЕРНОЇ СТРАХОВОЇ КОМПАНІЇ «ОРАНТА»,34186
ТОВАРИСТВО З ОБМЕЖЕНОЮ ВІДПОВІДАЛЬНІСТЮ З ІНОЗЕМНИМИ ІНВЕСТИЦІЯМИ «ВІННЕР ГРУП УКРАЇНА»,24922483
ТОВАРИСТВО З ОБМЕЖЕНОЮ ВІДПОВІДАЛЬНІСТЮ «БРП ЦЕНТР КИЇВ ЗАХІД»,42613882
ПРИВАТНЕ ПІДПРИЄМСТВО «СЕБ-ФАРМАЦІЯ»,21577761
ТОВАРИСТВО З ОБМЕЖЕНОЮ ВІДПОВІДАЛЬНІСТЮ «Р.І.М.І.»,39862053
ДП «ІЗАЛАЙН»,32243625
АКЦІОНЕРНЕ ТОВАРИСТВО «МІСТО БАНК»,20966466
ТОВАРИСТВО З ОБМЕЖЕНОЮ ВІДПОВІДАЛЬНІСТЮ «ІГМА 2016»,40380438
ТОВАРИСТВО З ОБМЕЖЕНОЮ ВІДПОВІДАЛЬНІСТЮ «МЕДИЧНИЙ ЦЕНТР «ВЕРУМ»,37967444
ТОВАРИСТВО З ОБМЕЖЕНОЮ ВІДПОВІДАЛЬНІСТЮ «НОВА ПОШТА»,31316718
ТОВАРИСТВО З ОБМЕЖЕНОЮ ВІДПОВІДАЛЬНІСТЮ «ВІТІС ГРУП»,36126345
ТОВАРИСТВО З ОБМЕЖЕНОЮ ВІДПОВІДАЛЬНІСТЮ «КАНАБІС ФАРМ»,41140366
ТОВАРИСТВО З ОБМЕЖЕНОЮ ВІДПОВІДАЛЬНІСТЮ «ФРІЗАНТЕ»,41932386
ТОВАРИСТВО З ОБМЕЖЕНОЮ ВІДПОВІДАЛЬНІСТЮ «ГЛОБАЛМАНІ»,36425142
ТОВАРИСТВО З ОБМЕЖЕНОЮ ВІДПОВІДАЛЬНІСТЮ «ФОРСИС»,36413598
ТОВАРИСТВО З ОБМЕЖЕНОЮ ВІДПОВІДАЛЬНІСТЮ «КОНКОР»,30176715
ТОВАРИСТВО З ОБМЕЖЕНОЮ ВІДПОВІДАЛЬНІСТЮ «М'ЯСТОРІЯ»,40922953
ТОВАРИСТВО З ОБМЕЖЕНОЮ ВІДПОВІДАЛЬНІСТЮ «ЛАПША БАР»,39772845
ТОВАРИСТВО З ОБМЕЖЕНОЮ ВІДПОВІДАЛЬНІСТЮ КЕРУЮЧА КОМПАНІЯ «СІМ СЕРВІС»,40894675
ТОВАРИСТВО З ОБМЕЖЕНОЮ ВІДПОВІДАЛЬНІСТЮ «ЛОГІСТІК-ЕКСПРЕС»,25285044
ТОВАРИСТВО З ОБМЕЖЕНОЮ ВІДПОВІДАЛЬНІСТЮ «ВІТАМІН СЕ»,41899700
ТОВАРИСТВО З ОБМЕЖЕНОЮ ВІДПОВІДАЛЬНІСТЮ «АПТЕКА-МАЯК»,40135439
АКЦІОНЕРНЕ ТОВАРИСТВО «АГРОПРОСПЕРІС БАНК»,35590956
ТОВАРИСТВО З ОБМЕЖЕНОЮ ВІДПОВІДАЛЬНІСТЮ «АРАБІКА І»,40159355
ФІЛІЯ - ГОЛОВНЕ УПРАВЛІННЯ ПО М. КИЄВУ ТА КИЇВСЬКІЙ ОБЛАСТІ АКЦІОНЕРНОГО ТОВАРИСТВА «ДЕРЖАВНИЙ ОЩАДНИЙ БАНК УКРАЇНИ»,9322277
ТОВАРИСТВО З ОБМЕЖЕНОЮ ВІДПОВІДАЛЬНІСТЮ «КРИСТАЛ-ЕСТЕТ»,39299538
ТОВАРИСТВО З ОБМЕЖЕНОЮ ВІДПОВІДАЛЬНІСТЮ «РЕАЛТ МАРКЕТИНГ»,39226716
ТОВАРИСТВО З ОБМЕЖЕНОЮ ВІДПОВІДАЛЬНІСТЮ «СОКАР ЕНЕРДЖІ УКРАЇНА»,36866563
ТОВАРИСТВО З ОБМЕЖЕНОЮ ВІДПОВІДАЛЬНІСТЮ «АРГЕНТ КЛІНІК»,41075004
ТОВАРИСТВО З ОБМЕЖЕНОЮ ВІДПОВІДАЛЬНІСТЮ «КЛІНІКА ПЕРСОНАЛІЗОВАНОГО ДИЗАЙНУ ДІАГНОСТИКИ І ТЕРАПІЇ «ОНКОТЕРАНОСТИКА»,40938282
ТОВАРИСТВО З ОБМЕЖЕНОЮ ВІДПОВІДАЛЬНІСТЮ «ВИНОЛЮБ»,34602504
ТОВАРИСТВО З ОБМЕЖЕНОЮ ВІДПОВІДАЛЬНІСТЮ «АЙКОН МЕДІА»,39147184
ТОВАРИСТВО З ОБМЕЖЕНОЮ ВІДПОВІДАЛЬНІСТЮ «ПОРЦЕЛЯН НА ПЕЧЕРСЬКУ»,41649237
ТОВАРИСТВО З ОБМЕЖЕНОЮ ВІДПОВІДАЛЬНІСТЮ «МЕДІКАЛ ІНВЕСТМЕНТ ЕНД ДЕВЕЛОПМЕНТ ГРУП»,41458452
ТОВАРИСТВО З ОБМЕЖЕНОЮ ВІДПОВІДАЛЬНІСТЮ «ВФ РИТЕЙЛ»,41457291
ТОВАРИСТВО З ОБМЕЖЕНОЮ ВІДПОВІДАЛЬНІСТЮ «ТАДМ»,32491819
ТОВАРИСТВО З ОБМЕЖЕНОЮ ВІДПОВІДАЛЬНІСТЮ «ШАБЛІН І КОПЧИНСЬКА»,42753327
ТОВАРИСТВО З ОБМЕЖЕНОЮ ВІДПОВІДАЛЬНІСТЮ «АВТОТРЕЙДЕР»,42136811
ТОВАРИСТВО З ОБМЕЖЕНОЮ ВІДПОВІДАЛЬНІСТЮ «АТЕЛЬЄ КЕРАМІКИ»,38105080
АКЦІОНЕРНЕ ТОВАРИСТВО «ПРАВЕКС БАНК»,14360920
ТОВАРИСТВО З ОБМЕЖЕНОЮ ВІДПОВІДАЛЬНІСТЮ «СУШИ ЦЕНТР»,41258693
ШОСТИЙ АПЕЛЯЦІЙНИЙ АДМІНІСТРАТИВНИЙ СУД,42250890
ТОВАРИСТВО З ОБМЕЖЕНОЮ ВІДПОВІДАЛЬНІСТЮ «МІКСМАРТ»,43321291
ТОВАРИСТВО З ОБМЕЖЕНОЮ ВІДПОВІДАЛЬНІСТЮ «ЛІЗИНГ ФАРМАЦІЯ»,43636392
ПРИВАТНЕ АКЦІОНЕРНЕ ТОВАРИСТВО «АВТОБАЗА № 1»,1268348
ТОВАРИСТВО З ОБМЕЖЕНОЮ ВІДПОВІДАЛЬНІСТЮ «НУМІС»,44762781
ТОВАРИСТВО З ОБМЕЖЕНОЮ ВІДПОВІДАЛЬНІСТЮ «ЛІМІТЕД ФОРВАРД ТАЙМС»,34880125
АКЦІОНЕРНЕ ТОВАРИСТВО «УНІВЕРСАМ №28 «ВИГУРІВЩИНА»,1293234
КОЛЕДЖ ХОРЕОГРАФІЧНОГО МИСТЕЦТВА «КМАКЦІОНЕРНЕ ТОВАРИСТВО ІМ. СЕРЖА ЛИФАРЯ»,30382088
ТОВАРИСТВО З ОБМЕЖЕНОЮ ВІДПОВІДАЛЬНІСТЮ «ВЕСТ ІНВЕСТ КОМПАНІ»,35633198
ТОВАРИСТВО З ОБМЕЖЕНОЮ ВІДПОВІДАЛЬНІСТЮ «КАМЕЛОТ-Д»,41484744
ТОВАРИСТВО З ОБМЕЖЕНОЮ ВІДПОВІДАЛЬНІСТЮ «СПОРТКЛУБ ГЕЛІАР»,42608521
ТОВАРИСТВО З ОБМЕЖЕНОЮ ВІДПОВІДАЛЬНІСТЮ «ПАРИТЕТ»,21575029
ТОВАРИСТВО З ОБМЕЖЕНОЮ ВІДПОВІДАЛЬНІСТЮ «СІТІ ХОТЕЛС МЕНЕДЖМЕНТ»,35850552
ПРИВАТНЕ ПІДПРИЄМСТВО «Т-БОНД»,33789633
АКЦІОНЕРНЕ ТОВАРИСТВО «АСВІО БАНК»,9809192
КИЇВСЬКА РЕГІОНАЛЬНА ДИРЕКЦІЯ НАСК «ОРАНТА»,42663273
ТОВАРИСТВО З ОБМЕЖЕНОЮ ВІДПОВІДАЛЬНІСТЮ «ВИДАВНИЦТВО СТАРОГО ЛЕВА»,33981905
ТОВАРИСТВО З ОБМЕЖЕНОЮ ВІДПОВІДАЛЬНІСТЮ «ІЛ МОЛІНО 3»,40023636
ТОВАРИСТВО З ОБМЕЖЕНОЮ ВІДПОВІДАЛЬНІСТЮ «ФАЙНА СПРАВА №1»,39795967
ТОВАРИСТВО З ОБМЕЖЕНОЮ ВІДПОВІДАЛЬНІСТЮ «КОНТИНЕНТ-2»,33549377
ТОВАРИСТВО З ОБМЕЖЕНОЮ ВІДПОВІДАЛЬНІСТЮ «ПОРЦЕЛЯН» НА ВОЗДВИЖЕНСЬКІЙ»,34716875
ТОВАРИСТВО З ОБМЕЖЕНОЮ ВІДПОВІДАЛЬНІСТЮ «ТРК РЕСТОРАНС»,40705725
ТОВАРИСТВО З ОБМЕЖЕНОЮ ВІДПОВІДАЛЬНІСТЮ «Ю БІ АЙ КОНФЕРЕНЦ ХОЛ»,38483337
«ПРЕДСТАВНИЦТВО «АТЛАНТІК ГРУП ЛІМІТЕД»,26600594
ТОВАРИСТВО З ОБМЕЖЕНОЮ ВІДПОВІДАЛЬНІСТЮ «ФІШ БАР»,42677134
ПРИВАТНЕ ПІДПРИЄМСТВО «СТОМАТОЛОГІЧНА КЛІНІКА ДОКТОРА ДАХНО»,24745791
ТОВАРИСТВО З ОБМЕЖЕНОЮ ВІДПОВІДАЛЬНІСТЮ «БРОІЛ ГРУП»,42274932
ТОВАРИСТВО З ОБМЕЖЕНОЮ ВІДПОВІДАЛЬНІСТЮ «НОВИЙ ЧАС»,38730343
ТОВАРИСТВО З ОБМЕЖЕНОЮ ВІДПОВІДАЛЬНІСТЮ «УМК»,32670844
ТОВАРИСТВО З ОБМЕЖЕНОЮ ВІДПОВІДАЛЬНІСТЮ «ЛАТЕРДО»,37460041
ТОВАРИСТВО З ОБМЕЖЕНОЮ ВІДПОВІДАЛЬНІСТЮ «ЧЕРНОМОРКА НА ДНІПРОВСЬКІЙ НАБЕРЕЖНІЙ»,42332983
ТОВАРИСТВО З ОБМЕЖЕНОЮ ВІДПОВІДАЛЬНІСТЮ «САНТЕ-АЛКО»,33240672
ТОВАРИСТВО З ОБМЕЖЕНОЮ ВІДПОВІДАЛЬНІСТЮ «ІНВЕСТИЦІЙНИЙ СОЮЗ «ЛИБІДЬ»,34693827
ТОВАРИСТВО З ОБМЕЖЕНОЮ ВІДПОВІДАЛЬНІСТЮ З ІНОЗЕМНИМИ ІНВЕСТИЦІЯМИ «МІНІСО /УКРАЇНА/»,41295354
ТОВАРИСТВО З ОБМЕЖЕНОЮ ВІДПОВІДАЛЬНІСТЮ «ТСК РЕГІОН»,39270393
ТОВАРИСТВО З ОБМЕЖЕНОЮ ВІДПОВІДАЛЬНІСТЮ «СТАРЛІНК ГРУП»,37047332
ТОВАРИСТВО З ОБМЕЖЕНОЮ ВІДПОВІДАЛЬНІСТЮ «ЛЮДМИЛА-ФАРМ КО»,25271289
ТОВАРИСТВО З ОБМЕЖЕНОЮ ВІДПОВІДАЛЬНІСТЮ «О.С.С. ТРЕЙД»,42422977
ТОВАРИСТВО З ОБМЕЖЕНОЮ ВІДПОВІДАЛЬНІСТЮ «РОТОС»,40478918
ТОВАРИСТВО З ОБМЕЖЕНОЮ ВІДПОВІДАЛЬНІСТЮ «СУШИ БЛЮЗ»,40223404
ТОВАРИСТВО З ОБМЕЖЕНОЮ ВІДПОВІДАЛЬНІСТЮ «ТОРГОВИЙ ДІМ «ТРАНСМАГІСТРАЛЬ»,35982277
ПРИВАТНЕ АКЦІОНЕРНЕ ТОВАРИСТВО «СТРАХОВА КОМПАНІЯ «АРКС»,20474912
ТОВАРИСТВО З ОБМЕЖЕНОЮ ВІДПОВІДАЛЬНІСТЮ «НАУКОВО-ВИРОБНИЧИЙ ЦЕНТР «ХЕМА»,24934233
ТОВАРИСТВО З ОБМЕЖЕНОЮ ВІДПОВІДАЛЬНІСТЮ «РЕНТ-АЛЬЯНС»,35212233
ТОВАРИСТВО З ОБМЕЖЕНОЮ ВІДПОВІДАЛЬНІСТЮ «МЕДИЧНИЙ ЦЕНТР «ДОКТОР СПІН»,40020834
ТОВАРИСТВО З ОБМЕЖЕНОЮ ВІДПОВІДАЛЬНІСТЮ «АТ-МТ ТРЕЙД»,30572162
ТОВАРИСТВО З ОБМЕЖЕНОЮ ВІДПОВІДАЛЬНІСТЮ «СЕЗАМ-С»,40167099
ТОВАРИСТВО З ОБМЕЖЕНОЮ ВІДПОВІДАЛЬНІСТЮ «АТЛАНТІК- ПАСІФІК ВЕНЧУРЗ»,35030924
ТОВАРИСТВО З ОБМЕЖЕНОЮ ВІДПОВІДАЛЬНІСТЮ «СТЕЛТЕКС-ТРОЄЩИНА»,36149000
ТОВАРИСТВО З ОБМЕЖЕНОЮ ВІДПОВІДАЛЬНІСТЮ «ДЕКАТЛОН УКРАЇНА»,42166998
ТОВАРИСТВО З ОБМЕЖЕНОЮ ВІДПОВІДАЛЬНІСТЮ «ПРОДХІМІНДУСТРІЯ»,32786385
ТОВАРИСТВО З ОБМЕЖЕНОЮ ВІДПОВІДАЛЬНІСТЮ «СМАРТЕСС»,42162794
БЛАГОДІЙНА ОРГАНІЗАЦІЯ «ФОНД ОЛЕНИ ПІНЧУК»,26378960
ПІДПРИЄМСТВО З ІНОЗЕМНИМИ ІНВЕСТИЦІЯМИ «АМІК УКРАЇНА»,30603572
ТОВАРИСТВО З ОБМЕЖЕНОЮ ВІДПОВІДАЛЬНІСТЮ «СОФТСЕРВ ТЕХНОЛОГІЇ»,38821791
ТОВАРИСТВО З ОБМЕЖЕНОЮ ВІДПОВІДАЛЬНІСТЮ «ОПТІМУМ ТУР»,41937494
ТОВАРИСТВО З ОБМЕЖЕНОЮ ВІДПОВІДАЛЬНІСТЮ «С.М.А.К»,43562499
ТОВАРИСТВО З ОБМЕЖЕНОЮ ВІДПОВІДАЛЬНІСТЮ «ТЕМП-А»,41924841
ТОВАРИСТВО З ОБМЕЖЕНОЮ ВІДПОВІДАЛЬНІСТЮ «ФЛАЙ ДЕВЕЛОПМЕНТ»,41406069
ТОВАРИСТВО З ОБМЕЖЕНОЮ ВІДПОВІДАЛЬНІСТЮ «МЕД-СТ-ПЛЮС»,33445496
ТОВАРИСТВО З ОБМЕЖЕНОЮ ВІДПОВІДАЛЬНІСТЮ «ДАНБАР ГРУПП»,42013750
ТОВАРИСТВО З ОБМЕЖЕНОЮ ВІДПОВІДАЛЬНІСТЮ «ДІЄВО ЦЕНТР ХІРУРГІЧНИХ РІШЕНЬ»,43597757
ПРИВАТНЕ ПІДПРИЄМСТВО «ОРТОДОНТ»,24941173
ТОВАРИСТВО З ОБМЕЖЕНОЮ ВІДПОВІДАЛЬНІСТЮ «ЗЕЛЕНИЙ ГАЙ»,23723586
ТОВАРИСТВО З ОБМЕЖЕНОЮ ВІДПОВІДАЛЬНІСТЮ «ДІМ ЇЖІ»,38649478
ТОВАРИСТВО З ОБМЕЖЕНОЮ ВІДПОВІДАЛЬНІСТЮ «МЕДИЧНИЙ ЦЕНТР «СІМЕЙНА СТОМАТОЛОГІЯ»,39526072
ПІДПРИЄМСТВО З 100% ІНОЗЕМНИМ КАПІТАЛОМ В ФОРМІ ТОВАРИСТВА З ОБМЕЖЕНОЮ ВІДПОВІДАЛЬНІСТЮ «ДІАНА К»,22917466
ТОВАРИСТВО З ОБМЕЖЕНОЮ ВІДПОВІДАЛЬНІСТЮ «БУДІВЕЛЬНА ФІРМА «БАРЕЛЬЄФ»,40895239
ТОВАРИСТВО З ОБМЕЖЕНОЮ ВІДПОВІДАЛЬНІСТЮ «КАПІТАЛ ФУД»,42633364
ТОВАРИСТВО З ОБМЕЖЕНОЮ ВІДПОВІДАЛЬНІСТЮ «КЛІНІКА ІННОВАЦІЙНОЇ СУЧАСНОЇ СТОМАТОЛОГІЇ»,39704320
ТОВАРИСТВО З ОБМЕЖЕНОЮ ВІДПОВІДАЛЬНІСТЮ «АПФ ФАРМ»,31249558
ТОВАРИСТВО З ОБМЕЖЕНОЮ ВІДПОВІДАЛЬНІСТЮ «САУНДМАГ»,41336594
ТОВАРИСТВО З ОБМЕЖЕНОЮ ВІДПОВІДАЛЬНІСТЮ «ТЦ ГУД ЛАЙФ»,41811804
ТОВАРИСТВО З ОБМЕЖЕНОЮ ВІДПОВІДАЛЬНІСТЮ «ТУРИСТИЧНА КОМПАНІЯ «КИЇВСЬКИЙ СУПУТНИК»,25388117
ТОВАРИСТВО З ОБМЕЖЕНОЮ ВІДПОВІДАЛЬНІСТЮ «ВАЛМІ ІНВЕСТ»,21619850
ТОВАРИСТВО З ОБМЕЖЕНОЮ ВІДПОВІДАЛЬНІСТЮ «КАМОЦЦІ»,14290527
АКЦІОНЕРНЕ ТОВАРИСТВО «СТРАХОВА КОМПАНІЯ «МЕГА-ПОЛІС»,30860173
ТОВАРИСТВО З ОБМЕЖЕНОЮ ВІДПОВІДАЛЬНІСТЮ «НАУКОВО-ПРАКТИЧНИЙ ЦЕНТР «СУЧАСНА ОФТАЛЬМОЛОГІЯ»,37566768
ТОВАРИСТВО З ОБМЕЖЕНОЮ ВІДПОВІДАЛЬНІСТЮ «АВТОГРАД»,30374040
ТОВАРИСТВО З ОБМЕЖЕНОЮ ВІДПОВІДАЛЬНІСТЮ «МЕДИЧНИЙ ЦЕНТР «ФІТНЕС-КЛІНІКА АУРУМ»,42691651
ТОВАРИСТВО З ОБМЕЖЕНОЮ ВІДПОВІДАЛЬНІСТЮ «КІОД-І»,32554793
ПРИВАТНЕ ПІДПРИЄМСТВО «ФРАУМЕД»,38003914
ТОВАРИСТВО З ОБМЕЖЕНОЮ ВІДПОВІДАЛЬНІСТЮ «СОЮЗ-ГАРАНТ»,21520092
ПРИВАТНЕ ПІДПРИЄМСТВО «ЄВРОДЕНТ»,24939727
ТОВАРИСТВО З ОБМЕЖЕНОЮ ВІДПОВІДАЛЬНІСТЮ «ФІТНЕС СТАЙЛ»,38510391
ТОВАРИСТВО З ОБМЕЖЕНОЮ ВІДПОВІДАЛЬНІСТЮ «БЕНЖАМІНС»,40366476
ТОВАРИСТВО З ОБМЕЖЕНОЮ ВІДПОВІДАЛЬНІСТЮ «ВОЗДВИЖЕНСЬКИЙ»,32161679
ТОВАРИСТВО З ОБМЕЖЕНОЮ ВІДПОВІДАЛЬНІСТЮ «ТАУН ЛЕНД КОМПАНІ»,41050152
ТОВАРИСТВО З ОБМЕЖЕНОЮ ВІДПОВІДАЛЬНІСТЮ «ЦЕНТР ДІАГНОСТИКИ ЗОРУ-К»,37961531
ТОВАРИСТВО З ОБМЕЖЕНОЮ ВІДПОВІДАЛЬНІСТЮ «СЕРВІС НА САКСАГАНСЬКОГО»,38376312
ТОВАРИСТВО З ОБМЕЖЕНОЮ ВІДПОВІДАЛЬНІСТЮ «ГОТЕЛЬ ГОЛОСІЇВСЬКИЙ»,3358529
ТОВАРИСТВО З ОБМЕЖЕНОЮ ВІДПОВІДАЛЬНІСТЮ «СІТІ-ІНВЕСТ 1»,40906308
ТОВАРИСТВО З ОБМЕЖЕНОЮ ВІДПОВІДАЛЬНІСТЮ «ІКЕА РІТЕЙЛ УКРАЇНА»,42277650
ТОВАРИСТВО З ОБМЕЖЕНОЮ ВІДПОВІДАЛЬНІСТЮ «АРТ І С»,35715254
ФІЛІЯ «ЛИБІДЬ-АВТО» ПРИВАТНОГО АКЦІОНЕРНОГО ТОВАРИСТВА «УКРАЇНСЬКА АВТОМОБІЛЬНА КОРПОРАЦІЯ»,23499634
ТОВАРИСТВО З ОБМЕЖЕНОЮ ВІДПОВІДАЛЬНІСТЮ «СУШИ ТРОЯ»,41291810
ТОВАРИСТВО З ОБМЕЖЕНОЮ ВІДПОВІДАЛЬНІСТЮ «АПТЕКА №338»,24447303
ТОВАРИСТВО З ОБМЕЖЕНОЮ ВІДПОВІДАЛЬНІСТЮ «АПОЛЛО»,24099262
ТОВАРИСТВО З ОБМЕЖЕНОЮ ВІДПОВІДАЛЬНІСТЮ «ІРПІНЬ-БУДПРОЕКТ-ПЛЮС»,35467438
АКЦІОНЕРНЕ ТОВАРИСТВО «УКРБУДІНВЕСТБАНК»,26547581
ТОВАРИСТВО З ОБМЕЖЕНОЮ ВІДПОВІДАЛЬНІСТЮ «АРЕТЕУС»,38648516
ТОВАРИСТВО З ОБМЕЖЕНОЮ ВІДПОВІДАЛЬНІСТЮ «ЗГУРЬЕВ И К»,41894613
ТОВАРИСТВО З ОБМЕЖЕНОЮ ВІДПОВІДАЛЬНІСТЮ «БЕТА-РЕНТ»,36175161
ТОВАРИСТВО З ОБМЕЖЕНОЮ ВІДПОВІДАЛЬНІСТЮ «БІФ ПРАЙМ»,40208145
ТОВАРИСТВО З ОБМЕЖЕНОЮ ВІДПОВІДАЛЬНІСТЮ «КАУКАСУС АВТО ІМПОРТ»,40452219
ТОВАРИСТВО З ОБМЕЖЕНОЮ ВІДПОВІДАЛЬНІСТЮ «Х ВІЖЕН»,42938263
ТОВАРИСТВО З ОБМЕЖЕНОЮ ВІДПОВІДАЛЬНІСТЮ «ТЕРЕМКИ-2»,38129227
ТОВАРИСТВО З ОБМЕЖЕНОЮ ВІДПОВІДАЛЬНІСТЮ «ЗОРЯНИЙ НОСОРІГ»,34484410
ТОВАРИСТВО З ОБМЕЖЕНОЮ ВІДПОВІДАЛЬНІСТЮ «ФІНАНСОВА КОМПАНІЯ «ПАРТНЕР»,39013677
АКЦІОНЕРНЕ ТОВАРИСТВО «ФІНАНСОВА КОМПАНІЯ «ПОРТАЛ»,38870739
ТОВАРИСТВО З ОБМЕЖЕНОЮ ВІДПОВІДАЛЬНІСТЮ «БАЯДЕРА РІТЕЙЛ»,42766171
ТОВАРИСТВО З ОБМЕЖЕНОЮ ВІДПОВІДАЛЬНІСТЮ «КЛІНІКА ПРОФЕСОРА ЗАБЛОЦЬКОГО»,36424107
ТОВАРИСТВО З ОБМЕЖЕНОЮ ВІДПОВІДАЛЬНІСТЮ «ОСЕЛЯ»,25286256
ТОВАРИСТВО З ОБМЕЖЕНОЮ ВІДПОВІДАЛЬНІСТЮ «ПРЕМІУМКАР ГРУП»,41078047
ТОВАРИСТВО З ОБМЕЖЕНОЮ ВІДПОВІДАЛЬНІСТЮ «ПРОВІДНА ЄВРОПЕЙСЬКА СТОМАТОЛОГІЯ»,40453343
ТОВАРИСТВО З ОБМЕЖЕНОЮ ВІДПОВІДАЛЬНІСТЮ «КОРЕЯ МОТОРС»,36047347
ТОВАРИСТВО З ОБМЕЖЕНОЮ ВІДПОВІДАЛЬНІСТЮ «АРЕНА -УКРАЇНА»,25266609
ТОВАРИСТВО З ОБМЕЖЕНОЮ ВІДПОВІДАЛЬНІСТЮ «ЕКОВІС ІНТЕРНЕШНЛ»,42262801
ТОВАРИСТВО З ОБМЕЖЕНОЮ ВІДПОВІДАЛЬНІСТЮ «ЛЮМІ-ДЕНТ»,38266302
ТОВАРИСТВО З ОБМЕЖЕНОЮ ВІДПОВІДАЛЬНІСТЮ «ВІКІНГ МОТОРЗ»,34964833
ПРИВАТНЕ АКЦІОНЕРНЕ ТОВАРИСТВО «КИЇВСЬКИЙ ЗАВОД ШАМПАНСЬКИХ ВИН «СТОЛИЧНИЙ»,30373419
ТОВАРИСТВО З ОБМЕЖЕНОЮ ВІДПОВІДАЛЬНІСТЮ ОБ'ЄДНАНА ТОРГОВЕЛЬНА КОМПАНІЯ «ЄВРОПЛЮС»,30217001
ТОВАРИСТВО З ОБМЕЖЕНОЮ ВІДПОВІДАЛЬНІСТЮ «СІКЛУМ»,31902643
ТОВАРИСТВО З ОБМЕЖЕНОЮ ВІДПОВІДАЛЬНІСТЮ «СА-НАТА»,37689478
ТОВАРИСТВО З ОБМЕЖЕНОЮ ВІДПОВІДАЛЬНІСТЮ «СІТІ ФУД ТРЕЙД»,41442160
ТОВАРИСТВО З ОБМЕЖЕНОЮ ВІДПОВІДАЛЬНІСТЮ «БІО-ФАРМ АГРОТРЕЙД ЛТД»,39890452
ТОВАРИСТВО З ОБМЕЖЕНОЮ ВІДПОВІДАЛЬНІСТЮ «НОВА ДЖОРДЖІЯ»,42709726
ПУБЛІЧНЕ АКЦІОНЕРНЕ ТОВАРИСТВО «АКЦІОНЕРНИЙ КОМЕРЦІЙНИЙ ПРОМИСЛОВО-ІНВЕСТИЦІЙНИЙ БАНК»,39002
ТОВАРИСТВО З ОБМЕЖЕНОЮ ВІДПОВІДАЛЬНІСТЮ «ПРАДА УКРАЇНА»,37825690
ТОВАРИСТВО З ОБМЕЖЕНОЮ ВІДПОВІДАЛЬНІСТЮ «ВІСАК»,32247640
ТОВАРИСТВО З ОБМЕЖЕНОЮ ВІДПОВІДАЛЬНІСТЮ «ІВІК ХОЛДИНГ-ГРУП»,31239576
ТОВАРИСТВО З ОБМЕЖЕНОЮ ВІДПОВІДАЛЬНІСТЮ «УКРАВТО ГОЛОСІЇВСЬКИЙ»,14333225
ТОВАРИСТВО З ОБМЕЖЕНОЮ ВІДПОВІДАЛЬНІСТЮ «БІЛДІНГС-УНІВЕРСАЛ ГРУП»,35121597
ТОВАРИСТВО З ОБМЕЖЕНОЮ ВІДПОВІДАЛЬНІСТЮ «КОМПАНІЯ «ФАРМ-СОЮЗ»,30607776
ТОВАРИСТВО З ОБМЕЖЕНОЮ ВІДПОВІДАЛЬНІСТЮ «БЕСТМЕНТ-СЕРВІС»,35981797
ТОВАРИСТВО З ОБМЕЖЕНОЮ ВІДПОВІДАЛЬНІСТЮ «БУДИНОК МОДИ РІТО»,25273101
ТОВАРИСТВО З ОБМЕЖЕНОЮ ВІДПОВІДАЛЬНІСТЮ «ТЕСТІ ФУД»,39016065
ПРИВАТНЕ ПІДПРИЄМСТВО «ШЕРИФ ГАРАНТ»,37152962
ТОВАРИСТВО З ОБМЕЖЕНОЮ ВІДПОВІДАЛЬНІСТЮ «МУЗЕЙ ДОРОГОЦІННОГО КАМІННЯ»,38063140
ТОВАРИСТВО З ОБМЕЖЕНОЮ ВІДПОВІДАЛЬНІСТЮ «МЕД АЛЬЯНС»,38657630
ТОВАРИСТВО З ОБМЕЖЕНОЮ ВІДПОВІДАЛЬНІСТЮ «НЕО КЛІНІК ДЕНТАЛ»,42448329
ТОВАРИСТВО З ОБМЕЖЕНОЮ ВІДПОВІДАЛЬНІСТЮ «ЛР ПОДІЛ ПЛАЗА»,35333469
ТОВАРИСТВО З ОБМЕЖЕНОЮ ВІДПОВІДАЛЬНІСТЮ «ЛОТА-МНВ»,33934572
ТОВАРИСТВО З ОБМЕЖЕНОЮ ВІДПОВІДАЛЬНІСТЮ «СПІК АП ГЛОБАЛ»,41297629
ПОВНЕ ТОВАРИСТВО «НАЙКРАЩИЙ ЛОМБАРД» БОГДАН Ю.М. І КОМПАНІЯ»,36862747
ТОВАРИСТВО З ОБМЕЖЕНОЮ ВІДПОВІДАЛЬНІСТЮ «СОЛЕЙЛЕНД ДЕВЕЛОПМЕНТ»,36845020
ТОВАРИСТВО З ОБМЕЖЕНОЮ ВІДПОВІДАЛЬНІСТЮ «ТНС ГРУП»,41394792
ТОВАРИСТВО З ОБМЕЖЕНОЮ ВІДПОВІДАЛЬНІСТЮ «СЕФОРА»,34796971
ТОВАРИСТВО З ОБМЕЖЕНОЮ ВІДПОВІДАЛЬНІСТЮ «АК «ПЕРЛИНА»,1553988
ПНВП «СИНАПС»,24267073
ТОВАРИСТВО З ОБМЕЖЕНОЮ ВІДПОВІДАЛЬНІСТЮ «ЛАЗЕРВАН»,38704795
ТОВАРИСТВО З ОБМЕЖЕНОЮ ВІДПОВІДАЛЬНІСТЮ «СІТРАС УКРАЇНА»,35210744
ТОВАРИСТВО З ОБМЕЖЕНОЮ ВІДПОВІДАЛЬНІСТЮ «МЕРІГОЛДІНГ»,42846707
ТОВАРИСТВО З ОБМЕЖЕНОЮ ВІДПОВІДАЛЬНІСТЮ «ГЕРТЕК»,40637435
ТОВАРИСТВО З ОБМЕЖЕНОЮ ВІДПОВІДАЛЬНІСТЮ «САССК»,30180471
ТОВАРИСТВО З ОБМЕЖЕНОЮ ВІДПОВІДАЛЬНІСТЮ «СПОРТ-ЕКСТРИМ»,37955732
ТОВАРИСТВО З ОБМЕЖЕНОЮ ВІДПОВІДАЛЬНІСТЮ «РИБА 2019»,43023340
ТОВАРИСТВО З ОБМЕЖЕНОЮ ВІДПОВІДАЛЬНІСТЮ «ОЛІВІЯ ЦЕНТР»,42458935
ТОВАРИСТВО З ОБМЕЖЕНОЮ ВІДПОВІДАЛЬНІСТЮ «СТАНДАРТ ІНЖИНІРИНГ ГРУП»,41221235
ГО «ФОНД ІМЕНІ ЮРІЯ МИКОЛАЙОВИЧА ЄГОРОВА»,38573315
АКЦІОНЕРНЕ ТОВАРИСТВО «БАНК «УКРАЇНСЬКИЙ КАПІТАЛ»,22868414
ТОВАРИСТВО З ОБМЕЖЕНОЮ ВІДПОВІДАЛЬНІСТЮ «ДАНУНЦ»,38277749
ТОВАРИСТВО З ОБМЕЖЕНОЮ ВІДПОВІДАЛЬНІСТЮ «ЄВРОХАТА-СЕРВІС»,36089036
ТОВАРИСТВО З ОБМЕЖЕНОЮ ВІДПОВІДАЛЬНІСТЮ «БЛОКБАСТЕР КІНО»,40253017
ТОВАРИСТВО З ОБМЕЖЕНОЮ ВІДПОВІДАЛЬНІСТЮ «МЕДИЧНИЙ ЦЕНТР «ЄВРОМЕД-ПЛЮС»,39525718
ТОВАРИСТВО З ОБМЕЖЕНОЮ ВІДПОВІДАЛЬНІСТЮ «АСТРА ДЕНТ»,43209983
ТОВАРИСТВО З ОБМЕЖЕНОЮ ВІДПОВІДАЛЬНІСТЮ «СПОРТ ЛАЙФ КИЇВ-1»,39845499
ТОВАРИСТВО З ОБМЕЖЕНОЮ ВІДПОВІДАЛЬНІСТЮ «СОЛСТАР»,40803368
ТОВАРИСТВО З ОБМЕЖЕНОЮ ВІДПОВІДАЛЬНІСТЮ «ТОРГ ДЕЙ»,39532510
ТОВАРИСТВО З ОБМЕЖЕНОЮ ВІДПОВІДАЛЬНІСТЮ «П.М.А»,34239254
АКЦІОНЕРНЕ ТОВАРИСТВО «АКЦЕНТ-БАНК»,14360080
ТОВАРИСТВО З ОБМЕЖЕНОЮ ВІДПОВІДАЛЬНІСТЮ «ЮНОНА 18»,42311455
ТОВАРИСТВО З ОБМЕЖЕНОЮ ВІДПОВІДАЛЬНІСТЮ «БЕТТА-ЕКСКЛЮЗИВ»,21682392
ТОВАРИСТВО З ОБМЕЖЕНОЮ ВІДПОВІДАЛЬНІСТЮ АГЕНЦІЯ ПОДОРОЖЕЙ «КОНТИНЕНТ»,30676766
ТОВАРИСТВО З ОБМЕЖЕНОЮ ВІДПОВІДАЛЬНІСТЮ «АКЦІОНЕРНЕ ТОВАРИСТВО ЕЛТІКС»,25385194
ТОВАРИСТВО З ОБМЕЖЕНОЮ ВІДПОВІДАЛЬНІСТЮ «КУЛ ФУД»,40405677
ТОВАРИСТВО З ОБМЕЖЕНОЮ ВІДПОВІДАЛЬНІСТЮ «ТРИ О»,23167814
ОСББ «ЕЛІЗІУМ»,42648564
ТОВАРИСТВО З ОБМЕЖЕНОЮ ВІДПОВІДАЛЬНІСТЮ «БУРСАТЕЛЬЄ»,42058503
АКЦІОНЕРНЕ ТОВАРИСТВО «УКРАЇНСЬКА АГРАРНО-СТРАХОВА КОМПАНІЯ»,22800936
ТОВАРИСТВО З ОБМЕЖЕНОЮ ВІДПОВІДАЛЬНІСТЮ «КИЇВКЛІМАТ»,31629990
ТОВАРИСТВО З ОБМЕЖЕНОЮ ВІДПОВІДАЛЬНІСТЮ «ПРОФІ-ІНСТРУМЕНТ»,39402603
ТОВАРИСТВО З ОБМЕЖЕНОЮ ВІДПОВІДАЛЬНІСТЮ «ПРИМУЛА АПТЕКА»,36483199
ТОВАРИСТВО З ОБМЕЖЕНОЮ ВІДПОВІДАЛЬНІСТЮ «БІЛДІНГС ЕМПАЄР»,41878392
ТОВАРИСТВО З ОБМЕЖЕНОЮ ВІДПОВІДАЛЬНІСТЮ «ІДЕАЛ-ГРУПП»,33401768
ТОВАРИСТВО З ОБМЕЖЕНОЮ ВІДПОВІДАЛЬНІСТЮ «ТІТКА КЛАРА»,40865691
АКЦІОНЕРНЕ ТОВАРИСТВО «КОМПЛЕКС ЛИБІДСЬКИЙ»,32768518
ТОВАРИСТВО З ОБМЕЖЕНОЮ ВІДПОВІДАЛЬНІСТЮ «ПРАЙД АВТО ЦЕНТР»,35895629
ТОВАРИСТВО З ОБМЕЖЕНОЮ ВІДПОВІДАЛЬНІСТЮ «МІНЧАНКА»,43394841
ТОВАРИСТВО З ОБМЕЖЕНОЮ ВІДПОВІДАЛЬНІСТЮ «ЛОГОС»,23741288
ТОВАРИСТВО З ОБМЕЖЕНОЮ ВІДПОВІДАЛЬНІСТЮ «ОРТОПЕДИЧНИЙ НАУКОВО-ВИРОБНИЧИЙ РЕАБІЛІТАЦІЙНИЙ ЦЕНТР «ОРТЕС»,30382727
ТОВАРИСТВО З ОБМЕЖЕНОЮ ВІДПОВІДАЛЬНІСТЮ «ВОРЛД КАФЕ»,39648920
ТОВАРИСТВО З ОБМЕЖЕНОЮ ВІДПОВІДАЛЬНІСТЮ «ТУРИСТИЧНА ФІРМА «ЯНА»,21598639
ТОВАРИСТВО З ОБМЕЖЕНОЮ ВІДПОВІДАЛЬНІСТЮ «ФІТ-ДЕЙЛІ»,39843549
ТОВАРИСТВО З ОБМЕЖЕНОЮ ВІДПОВІДАЛЬНІСТЮ «ФІТ-СТАР»,39845441
ТОВАРИСТВО З ОБМЕЖЕНОЮ ВІДПОВІДАЛЬНІСТЮ «КІНДЕР ХЕЛС»,42964382
ТОВАРИСТВО З ОБМЕЖЕНОЮ ВІДПОВІДАЛЬНІСТЮ «ІНФОРМАЦІЙНЕ АГЕНТСТВО «ВІЛЬНА УКРАЇНА»,31723303
ТОВАРИСТВО З ОБМЕЖЕНОЮ ВІДПОВІДАЛЬНІСТЮ «ФАМІЛІА МЕДІКУС»,41829003
ТОВАРИСТВО З ОБМЕЖЕНОЮ ВІДПОВІДАЛЬНІСТЮ «САНДІКО»,34482298
ТОВАРИСТВО З ОБМЕЖЕНОЮ ВІДПОВІДАЛЬНІСТЮ «БМГ ГРУП»,38812373
ТОВАРИСТВО З ОБМЕЖЕНОЮ ВІДПОВІДАЛЬНІСТЮ «МЕДИЧНА МОБІЛЬНА КЛІНІКА»,36386884
ТОВАРИСТВО З ОБМЕЖЕНОЮ ВІДПОВІДАЛЬНІСТЮ «ТОРГОВИЙ ДІМ БАРКАС»,36507235
ТОВАРИСТВО З ОБМЕЖЕНОЮ ВІДПОВІДАЛЬНІСТЮ «РЕСТОРАН ГОСТІ»,39009000
АКЦІОНЕРНЕ ТОВАРИСТВО «БАНК 3/4»,36002395
ГРОМАДСЬКА ОРГАНІЗАЦІЯ «ДЕМОКРАТИЧНА СОКИРА»,42107796
ТОВАРИСТВО З ОБМЕЖЕНОЮ ВІДПОВІДАЛЬНІСТЮ «БІЗНЕС ПАРК «201-203»,42194145
ПРИВАТНЕ ПІДПРИЄМСТВО «МАНДРИ МРІЙ»,34491847
ТОВАРИСТВО З ОБМЕЖЕНОЮ ВІДПОВІДАЛЬНІСТЮ «ХВИЛІ ДНІПРА 2015»,40103061
ТОВАРИСТВО З ОБМЕЖЕНОЮ ВІДПОВІДАЛЬНІСТЮ «БУДИНОК КОМФОРТУ»,43170476
ТОВАРИСТВО З ОБМЕЖЕНОЮ ВІДПОВІДАЛЬНІСТЮ «ВІТАНІКУС»,33444749
АКЦІОНЕРНЕ ТОВАРИСТВО «БАНК АЛЬЯНС»,14360506
ТОВАРИСТВО З ОБМЕЖЕНОЮ ВІДПОВІДАЛЬНІСТЮ «МАРКАСОН»,37118680
АКЦІОНЕРНЕ ТОВАРИСТВО «ДТЕК КИЇВСЬКІ ЕЛЕКТРОМЕРЕЖІ»,41946011
ТОВАРИСТВО З ОБМЕЖЕНОЮ ВІДПОВІДАЛЬНІСТЮ «ВАТРА 2016»,40363779
ТОВАРИСТВО З ОБМЕЖЕНОЮ ВІДПОВІДАЛЬНІСТЮ «КОНФІДЕНТ СМАЙЛ»,40155235
ТОВАРИСТВО З ОБМЕЖЕНОЮ ВІДПОВІДАЛЬНІСТЮ «СТЄЛЬ»,41296206
ТОВАРИСТВО З ОБМЕЖЕНОЮ ВІДПОВІДАЛЬНІСТЮ «ТИГР КЕЙТЕРІНГ»,38420235
ТОВАРИСТВО З ОБМЕЖЕНОЮ ВІДПОВІДАЛЬНІСТЮ «АРМА МОТОРС»,34356004
ТОВАРИСТВО З ОБМЕЖЕНОЮ ВІДПОВІДАЛЬНІСТЮ «СМАРТ СУШИ»,42716513
ТОВАРИСТВО З ОБМЕЖЕНОЮ ВІДПОВІДАЛЬНІСТЮ «КРАЇНА ДВЕРЕЙ»,38388239
ТОВАРИСТВО З ОБМЕЖЕНОЮ ВІДПОВІДАЛЬНІСТЮ «ПЛАСТІКС-УКРАЇНА»,24587464
ПРИВАТНЕ АКЦІОНЕРНЕ ТОВАРИСТВО «ВЕГА»,23503666
ПРИВАТНЕ ПІДПРИЄМСТВО «КОМПАНІЯ «СОФТОРГ»,30628780
ТОВАРИСТВО З ОБМЕЖЕНОЮ ВІДПОВІДАЛЬНІСТЮ «ЄВРОТЕКСТИЛЬ»,32043726
ТОВАРИСТВО З ОБМЕЖЕНОЮ ВІДПОВІДАЛЬНІСТЮ «ГРІНЛАНД»,38840196
ТОВАРИСТВО З ОБМЕЖЕНОЮ ВІДПОВІДАЛЬНІСТЮ «ТОРГОВИЙ ДІМ «ГРАНД АФІШ»,36678347
ТОВАРИСТВО З ОБМЕЖЕНОЮ ВІДПОВІДАЛЬНІСТЮ «САНДАЛ'ЄДЖІ»,41868164
ТОВАРИСТВО З ОБМЕЖЕНОЮ ВІДПОВІДАЛЬНІСТЮ «БІЗНЕС-ЦЕНТР «ЛІГА»,39195395
ТОВАРИСТВО З ОБМЕЖЕНОЮ ВІДПОВІДАЛЬНІСТЮ «СПОРТ ЛАЙН ТРЕВЕЛ» ТУРИСТИЧНЕ АГЕНТСТВО,19240936
КИЇВСЬКА МІСЬКА ОРГАНІЗАЦІЯ РОБОТОДАВЦІВ НАФТОГАЗОВОЇ ГАЛУЗІ,41682955
ТОВАРИСТВО З ОБМЕЖЕНОЮ ВІДПОВІДАЛЬНІСТЮ «ВИШНЯ»,32590691
ТОВАРИСТВО З ОБМЕЖЕНОЮ ВІДПОВІДАЛЬНІСТЮ «МЕДИЧНИЙ ЦЕНТР «ДОБРОБУТ-ПОЛІКЛІНІКА»,38806862
ТОВАРИСТВО З ОБМЕЖЕНОЮ ВІДПОВІДАЛЬНІСТЮ «УКРХАРЧОПРОМСЕРВІС»,13677276
ТОВАРИСТВО З ОБМЕЖЕНОЮ ВІДПОВІДАЛЬНІСТЮ «КИЇВСЬКІ ЕНЕРГЕТИЧНІ ПОСЛУГИ»,41916045
АКЦІОНЕРНЕ ТОВАРИСТВО «ДЕРЖАВНИЙ ЕКСПОРТНО-ІМПОРТНИЙ БАНК УКРАЇНИ»,32112
ТОВАРИСТВО З ОБМЕЖЕНОЮ ВІДПОВІДАЛЬНІСТЮ «АПТЕКА ГАЄВСЬКОГО»,21032062
ТОВАРИСТВО З ОБМЕЖЕНОЮ ВІДПОВІДАЛЬНІСТЮ «МАССМАРТ»,41747891
ТОВАРИСТВО З ОБМЕЖЕНОЮ ВІДПОВІДАЛЬНІСТЮ З ІНОЗЕМНИМИ ІНВЕСТИЦІЯМИ «ФОРЕВЕР ЛІВІНГ ПРОДАКТС ЮКРЕЙН»,21687461
ТОВАРИСТВО З ОБМЕЖЕНОЮ ВІДПОВІДАЛЬНІСТЮ «ПРОДУКТІВ СВІТ»,31813061
АКЦІОНЕРНЕ ТОВАРИСТВО «АБС-УКР»,24720911
ТОВАРИСТВО З ОБМЕЖЕНОЮ ВІДПОВІДАЛЬНІСТЮ «ЗАРА ХОУМ УКРАЇНА»,35534928
ТОВАРИСТВО З ОБМЕЖЕНОЮ ВІДПОВІДАЛЬНІСТЮ «БЕРШКА УКРАЇНА»,35534949
ТОВАРИСТВО З ОБМЕЖЕНОЮ ВІДПОВІДАЛЬНІСТЮ «МАССІМО ДУТТІ УКРАЇНА»,35575325
ТОВАРИСТВО З ОБМЕЖЕНОЮ ВІДПОВІДАЛЬНІСТЮ «ОЙШО УКРАЇНА»,35534912
ТОВАРИСТВО З ОБМЕЖЕНОЮ ВІДПОВІДАЛЬНІСТЮ «ПУЛ ЕНД БЕА УКРАЇНА»,35534624
ТОВАРИСТВО З ОБМЕЖЕНОЮ ВІДПОВІДАЛЬНІСТЮ «СТРАДІВАРІУС УКРАЇНА»,35534933
ТОВАРИСТВО З ОБМЕЖЕНОЮ ВІДПОВІДАЛЬНІСТЮ «АНА-КОСМА-А»,42111514
ТОВАРИСТВО З ОБМЕЖЕНОЮ ВІДПОВІДАЛЬНІСТЮ «ДМВ ГРУП»,35644765
ТОВАРИСТВО З ОБМЕЖЕНОЮ ВІДПОВІДАЛЬНІСТЮ «ГОТЕЛЬ «СТАРО»,38062498
«ВСЕУКРАЇНСЬКИЙ ДУХОВНИЙ ЦЕНТР «ВІДРОДЖЕННЯ»,38359370
ТОВАРИСТВО З ОБМЕЖЕНОЮ ВІДПОВІДАЛЬНІСТЮ «СТОМАТОЛОГІЧНА КЛІНІКА «ДЕНТІСТРІ АНТЕ»,43242791
ТОВАРИСТВО З ОБМЕЖЕНОЮ ВІДПОВІДАЛЬНІСТЮ «ЗЕ БУРГЕР»,39467850
ТОВАРИСТВО З ОБМЕЖЕНОЮ ВІДПОВІДАЛЬНІСТЮ «Б'ЮТІ БУТІК УКРАЇНА»,36126376
ТОВАРИСТВО З ОБМЕЖЕНОЮ ВІДПОВІДАЛЬНІСТЮ «АБК ЕКСПЛУАТАЦІЯ»,37079935
ДЕРЖАВНЕ ПІДПРИЄМСТВО «ДОКУМЕНТ»,32735236
ТОВАРИСТВО З ОБМЕЖЕНОЮ ВІДПОВІДАЛЬНІСТЮ «ОРА ФУД»,41036012
ТОВАРИСТВО З ОБМЕЖЕНОЮ ВІДПОВІДАЛЬНІСТЮ «ПЕРША ЧАРІВНА СКРИНЯ»,35791225
ТОВАРИСТВО З ОБМЕЖЕНОЮ ВІДПОВІДАЛЬНІСТЮ «СЕЙ НОУ МО»,41782915
ТОВАРИСТВО З ОБМЕЖЕНОЮ ВІДПОВІДАЛЬНІСТЮ «ІНМЕДСЕРВІС»,31088022
ТОВАРИСТВО З ОБМЕЖЕНОЮ ВІДПОВІДАЛЬНІСТЮ «АЙ ВІ ТІ ДЕВЕЛОПМЕНТ»,34385805
ТОВАРИСТВО З ОБМЕЖЕНОЮ ВІДПОВІДАЛЬНІСТЮ «В.ПІАНО-УКРАЇНА»,38242150
ТОВАРИСТВО З ОБМЕЖЕНОЮ ВІДПОВІДАЛЬНІСТЮ «РІДО ГРУП»,41744911
ТОВАРИСТВО З ОБМЕЖЕНОЮ ВІДПОВІДАЛЬНІСТЮ «КАМЕЛІЯ - PR»,32183781
ТОВАРИСТВО З ОБМЕЖЕНОЮ ВІДПОВІДАЛЬНІСТЮ «ЛЕКС ХОЛДИНГ»,31240623
ТОВАРИСТВО З ОБМЕЖЕНОЮ ВІДПОВІДАЛЬНІСТЮ «СТОМАТОЛОГІЯ НА МАЯКОВСЬКОГО»,38403293
ПРИВАТНЕ АКЦІОНЕРНЕ ТОВАРИСТВО «ТОРГОВЕЛЬНО-ПІДПРИЄМНИЦЬКИЙ ЦЕНТР»,5414775
ТОВАРИСТВО З ОБМЕЖЕНОЮ ВІДПОВІДАЛЬНІСТЮ «МАДЛІАНІ ГРУП»,42747358
ТОВАРИСТВО З ОБМЕЖЕНОЮ ВІДПОВІДАЛЬНІСТЮ «БЦ ПЛАТІНУМ ПЛАЗА»,42739609
ТОВАРИСТВО З ОБМЕЖЕНОЮ ВІДПОВІДАЛЬНІСТЮ ТЗП «ЛОТА»,22919880
АКЦІОНЕРНЕ ТОВАРИСТВО «ПОЛІКОМБАНК»,19356610
АКЦІОНЕРНЕ ТОВАРИСТВО «КИЇВМЕДПРЕПАРАТ»,480862
ПРИВАТНЕ ПІДПРИЄМСТВО «МАРЖА»,32828970
ТОВАРИСТВО З ОБМЕЖЕНОЮ ВІДПОВІДАЛЬНІСТЮ «ЕКОПАРК ВОДНИХ ВИДІВ СПОРТУ»,40306223
ТОВАРИСТВО З ОБМЕЖЕНОЮ ВІДПОВІДАЛЬНІСТЮ «ДЕЛІШ»,41799489
ТОВАРИСТВО З ОБМЕЖЕНОЮ ВІДПОВІДАЛЬНІСТЮ «АНЕВА ІНДАСТРІ»,40205521
ТОВАРИСТВО З ОБМЕЖЕНОЮ ВІДПОВІДАЛЬНІСТЮ «АНТАС»,33402489
ПРИВАТНЕ ПІДПРИЄМСТВО «ЛАЙТКРЕО»,25030516
ТОВАРИСТВО З ОБМЕЖЕНОЮ ВІДПОВІДАЛЬНІСТЮ «ОК НОВИЙ ЗІР»,32921934
ТОВАРИСТВО З ОБМЕЖЕНОЮ ВІДПОВІДАЛЬНІСТЮ «МІСТЕР ТВІСТЕР»,40948400
ТОВАРИСТВО З ОБМЕЖЕНОЮ ВІДПОВІДАЛЬНІСТЮ «СЕХМЕТ ТРЕВЕЛ»,36197206
ТОВАРИСТВО З ОБМЕЖЕНОЮ ВІДПОВІДАЛЬНІСТЮ «ІНВЕРТЕР ЕКСПЕРТ»,41814357
ТОВАРИСТВО З ОБМЕЖЕНОЮ ВІДПОВІДАЛЬНІСТЮ «КІНОЛАЙН»,42933218
ПРИВАТНЕ АКЦІОНЕРНЕ ТОВАРИСТВО «МАГАЗИН «КИЯНКА»,1564466
ПРИВАТНЕ ПІДПРИЄМСТВО «САН-ТРОПЕ»,36521113
КОМУНАЛЬНА ОРГАНІЗАЦІЯ ЦЕНТРАЛЬНА БІБЛІОТЕКА ІМ.Т.Г.ШЕВЧЕНКА ДЛЯ ДІТЕЙ М.КИЄВА,2224407
ТОВАРИСТВО З ОБМЕЖЕНОЮ ВІДПОВІДАЛЬНІСТЮ «ТЕХНОЛОГІЯ-КРЕДИТ»,41325493
ТОВАРИСТВО З ОБМЕЖЕНОЮ ВІДПОВІДАЛЬНІСТЮ «СІПІДЖІ ЦЕНТР»,41941924
ТОВАРИСТВО З ОБМЕЖЕНОЮ ВІДПОВІДАЛЬНІСТЮ «СТАР БІЛДІНГ»,40026066
ТОВАРИСТВО З ОБМЕЖЕНОЮ ВІДПОВІДАЛЬНІСТЮ «ТОП КОСМЕТІКС»,36839880
ТОВАРИСТВО З ОБМЕЖЕНОЮ ВІДПОВІДАЛЬНІСТЮ «ВАРІО»,32222920
ТОВАРИСТВО З ОБМЕЖЕНОЮ ВІДПОВІДАЛЬНІСТЮ «КЛІНІКА ВЕРУМ ЕКСПЕРТ»,42619067
ПРИВАТНЕ ПІДПРИЄМСТВО «ЖБК» РІЕЛ»,35749000
ТОВАРИСТВО З ОБМЕЖЕНОЮ ВІДПОВІДАЛЬНІСТЮ «МІЖНАРОДНИЙ ДІЛОВИЙ ОФІСНИЙ ЦЕНТР»,36304890
ПОВНЕ ТОВАРИСТВО «ЛОМБАРД ДОНКРЕДИТ ТОВАРИСТВО З ОБМЕЖЕНОЮ ВІДПОВІДАЛЬНІСТЮ «ІНТЕР-РІЕЛТІ» І КОМПАНІЯ»,30416462
ТОВАРИСТВО З ОБМЕЖЕНОЮ ВІДПОВІДАЛЬНІСТЮ «ТРАКСПАРТС УКРАЇНА ЛТД»,30020361
АКЦІОНЕРНЕ ТОВАРИСТВО «СТРАХОВА КОМПАНІЯ «ББС ІНШУРАНС»,20344871
ТОВАРИСТВО З ОБМЕЖЕНОЮ ВІДПОВІДАЛЬНІСТЮ «ТЕМА МОДА ЮКРЕЙН»,34349259
ТОВАРИСТВО З ОБМЕЖЕНОЮ ВІДПОВІДАЛЬНІСТЮ «ПИВНА ТОЧКА»,41893504
ТОВАРИСТВО З ОБМЕЖЕНОЮ ВІДПОВІДАЛЬНІСТЮ «ЙА-МІ»,43010111
ПРИВАТНЕ ПІДПРИЄМСТВО «НАШАТЕЛЬ»,37267991
ПРИВАТНЕ АКЦІОНЕРНЕ ТОВАРИСТВО «УКРАЇНСЬКА ТЕХНОЛОГІЧНА КОМПАНІЯ»,24919883
ТОВАРИСТВО З ОБМЕЖЕНОЮ ВІДПОВІДАЛЬНІСТЮ «РОЗЕТТІ»,41637677
ТОВАРИСТВО З ОБМЕЖЕНОЮ ВІДПОВІДАЛЬНІСТЮ «ШВЕЙНА ФАБРИКА «ВОРОНІН»,309252
АКЦІОНЕРНЕ ТОВАРИСТВО «ПОЗНЯКИ-ЖИЛ-БУД»,24089818
ТОВАРИСТВО З ОБМЕЖЕНОЮ ВІДПОВІДАЛЬНІСТЮ «РІВ'ЄРА ГРАНД ПЛАЗА»,34527349
ТОВАРИСТВО З ОБМЕЖЕНОЮ ВІДПОВІДАЛЬНІСТЮ «К ІНВЕСТ»,37269716
ТОВАРИСТВО З ОБМЕЖЕНОЮ ВІДПОВІДАЛЬНІСТЮ «МЕДИЧНИЙ ЦЕНТР «КЛІНІКА НОВА»,39496441
ТОВАРИСТВО З ОБМЕЖЕНОЮ ВІДПОВІДАЛЬНІСТЮ «ЛЕКОС»,25264912
ТОВАРИСТВО З ОБМЕЖЕНОЮ ВІДПОВІДАЛЬНІСТЮ «ТД ГУРМАНДІЗ»,38891743
ОБ'ЄДНАННЯ СПІВВЛАСНИКІВ БАГАТОКВАРТИРНОГО БУДИНКУ «СУЗІР'Я-БАЖАНА 14-А»,40562538
ТОВАРИСТВО З ОБМЕЖЕНОЮ ВІДПОВІДАЛЬНІСТЮ «АРАГОН-2008»,13679915
ТОВАРИСТВО З ОБМЕЖЕНОЮ ВІДПОВІДАЛЬНІСТЮ «АНТАРЕС КОМПАНІ»,23716698
ТОВАРИСТВО З ОБМЕЖЕНОЮ ВІДПОВІДАЛЬНІСТЮ «АУСТ»,41522428
ТОВАРИСТВО З ОБМЕЖЕНОЮ ВІДПОВІДАЛЬНІСТЮ «МІЛТОНІЯ ОРТОПЕДІЯ»,43645468
ТОВАРИСТВО З ОБМЕЖЕНОЮ ВІДПОВІДАЛЬНІСТЮ «АПТЕКА №28»,32237522
ТОВАРИСТВО З ОБМЕЖЕНОЮ ВІДПОВІДАЛЬНІСТЮ «ІНВЕСТБУД ГАРАНТ»,35059000
ТОВАРИСТВО З ОБМЕЖЕНОЮ ВІДПОВІДАЛЬНІСТЮ «ЕЛЄФАНТ СПА»,38354482
ТОВАРИСТВО З ОБМЕЖЕНОЮ ВІДПОВІДАЛЬНІСТЮ «МЕДІА ПРОСТОР ГРУП»,42366038
ТОВАРИСТВО З ОБМЕЖЕНОЮ ВІДПОВІДАЛЬНІСТЮ «АКТИВ МОТОРС»,41651712
ТОВАРИСТВО З ОБМЕЖЕНОЮ ВІДПОВІДАЛЬНІСТЮ «СІКА УКРАЇНА»,33053410
ТОВАРИСТВО З ОБМЕЖЕНОЮ ВІДПОВІДАЛЬНІСТЮ «БАРБЕДО»,37460057
ТОВАРИСТВО З ОБМЕЖЕНОЮ ВІДПОВІДАЛЬНІСТЮ «КОРСА»,31927867
ТОВАРИСТВО З ОБМЕЖЕНОЮ ВІДПОВІДАЛЬНІСТЮ З ІНОЗЕМНИМИ ІНВЕСТИЦІЯМИ «ЮРОМАШ»,32849408
ТОВАРИСТВО З ОБМЕЖЕНОЮ ВІДПОВІДАЛЬНІСТЮ «АУН ТАУН»,42858424
ТОВАРИСТВО З ОБМЕЖЕНОЮ ВІДПОВІДАЛЬНІСТЮ «ФАРБА ТРЕЙД ПРОФЕШНЛ»,39526711
ТОВАРИСТВО З ОБМЕЖЕНОЮ ВІДПОВІДАЛЬНІСТЮ «ДІННЕРЗ»,40879023
АКЦІОНЕРНЕ ТОВАРИСТВО «ДЕРЖАВНА ПРОДОВОЛЬЧО-ЗЕРНОВА КОРПОРАЦІЯ УКРАЇНИ»,37243279
АКЦІОНЕРНЕ ТОВАРИСТВО «КОМЕРЦІЙНИЙ БАНК «ЗЕМЕЛЬНИЙ КАПІТАЛ»,20280450
ПРИВАТНЕ ПІДПРИЄМСТВО «ТАВ КОМПАНІ»,40551704
ПРИВАТНЕ ПІДПРИЄМСТВО «КВО-Д»,32423885
ТОВАРИСТВО З ОБМЕЖЕНОЮ ВІДПОВІДАЛЬНІСТЮ «КАНІ ФІШ»,41204267
АКЦІОНЕРНЕ ТОВАРИСТВО «СТРАХОВА КОМПАНІЯ «ПРОВІДНА»,23510137
ТОВАРИСТВО З ОБМЕЖЕНОЮ ВІДПОВІДАЛЬНІСТЮ «КВАДРАТ»,30574091
ТОВАРИСТВО З ОБМЕЖЕНОЮ ВІДПОВІДАЛЬНІСТЮ «МЕЛІСА ФАРМ»,41979995
ТОВАРИСТВО З ОБМЕЖЕНОЮ ВІДПОВІДАЛЬНІСТЮ «СПОРТИВНИЙ КОМПЛЕКС «ОЛІМПІЯ»,38746348
ТОВАРИСТВО З ОБМЕЖЕНОЮ ВІДПОВІДАЛЬНІСТЮ «ГАБІТУС ДИЗАЙН»,37152920
ТОВАРИСТВО З ОБМЕЖЕНОЮ ВІДПОВІДАЛЬНІСТЮ «ЕКОСТАТУС»,35317558
ТОВАРИСТВО З ОБМЕЖЕНОЮ ВІДПОВІДАЛЬНІСТЮ «МІКОМ-ПАЛАЦ»,36050538
ТОВАРИСТВО З ОБМЕЖЕНОЮ ВІДПОВІДАЛЬНІСТЮ «ТЕРЕМКИ ЛАН ІСП»,39528284
ТОВАРИСТВО З ОБМЕЖЕНОЮ ВІДПОВІДАЛЬНІСТЮ «АЛМА 2008»,36001077
ТОВАРИСТВО З ОБМЕЖЕНОЮ ВІДПОВІДАЛЬНІСТЮ «МК 8»,41738693
ТОВАРИСТВО З ОБМЕЖЕНОЮ ВІДПОВІДАЛЬНІСТЮ «Д-І-М»,39219384
ТОВАРИСТВО З ОБМЕЖЕНОЮ ВІДПОВІДАЛЬНІСТЮ «ДТЕК СЕРВІС»,34456687
ТОВАРИСТВО З ОБМЕЖЕНОЮ ВІДПОВІДАЛЬНІСТЮ «Є АПТЕКА»,38097342
ТОВАРИСТВО З ОБМЕЖЕНОЮ ВІДПОВІДАЛЬНІСТЮ «КИЇВ ПЛАЗА»,42026073
ТОВАРИСТВО З ОБМЕЖЕНОЮ ВІДПОВІДАЛЬНІСТЮ «САЛАТЕЙРА»,38150180
ТОВАРИСТВО З ОБМЕЖЕНОЮ ВІДПОВІДАЛЬНІСТЮ «ЕКСІМЕР-КИЇВ»,39371273
ТОВАРИСТВО З ОБМЕЖЕНОЮ ВІДПОВІДАЛЬНІСТЮ «ПІДПРИЄМСТВО «РЕМТОЧМЕХАНІКА»,39113773
ТОВАРИСТВО З ОБМЕЖЕНОЮ ВІДПОВІДАЛЬНІСТЮ «МАЙНА»,39611534
ТОВАРИСТВО З ОБМЕЖЕНОЮ ВІДПОВІДАЛЬНІСТЮ «ДІВІАЛ»,43350867
ПРИВАТНЕ ПІДПРИЄМСТВО «РЕДХЕД ФЕМІЛІ»,44288313
ТОВАРИСТВО З ОБМЕЖЕНОЮ ВІДПОВІДАЛЬНІСТЮ «НОВАС»,33446290
АДВОКАТСЬКЕ БЮРО «ОЛЕКСАНДРА ТРАВЯНКА»,41780258
ТОВАРИСТВО З ОБМЕЖЕНОЮ ВІДПОВІДАЛЬНІСТЮ «МЕДИЧНИЙ ЦЕНТР «ГРАВІМЕД»,40626528
ТОВАРИСТВО З ОБМЕЖЕНОЮ ВІДПОВІДАЛЬНІСТЮ «МАКС-ПАРК»,32850282
ТОВАРИСТВО З ОБМЕЖЕНОЮ ВІДПОВІДАЛЬНІСТЮ «АРІЗОНС»,40919757
ТОВАРИСТВО З ОБМЕЖЕНОЮ ВІДПОВІДАЛЬНІСТЮ «ВЕЛНЕС ХОЛДІНГ»,41241267
ТОВАРИСТВО З ОБМЕЖЕНОЮ ВІДПОВІДАЛЬНІСТЮ «СПОРТ-ПРОФІТ»,38346870
ТОВАРИСТВО З ОБМЕЖЕНОЮ ВІДПОВІДАЛЬНІСТЮ «ЕМ-ГРУП»,42772164
ТОВАРИСТВО З ОБМЕЖЕНОЮ ВІДПОВІДАЛЬНІСТЮ «КАВА І КАВА»,33639617
ТОВАРИСТВО З ОБМЕЖЕНОЮ ВІДПОВІДАЛЬНІСТЮ «АГЕНСТВО НЕРУХОМОСТІ «АТЛАНТА»,31851510
ТОВАРИСТВО З ОБМЕЖЕНОЮ ВІДПОВІДАЛЬНІСТЮ «ШАНЕЛ»,35533526
ТОВАРИСТВО З ОБМЕЖЕНОЮ ВІДПОВІДАЛЬНІСТЮ «МЕДИЧНИЙ ЦЕНТР ФЛЕБОЛОГІЇ ТА ЕСТЕТИЧНОЇ МЕДИЦИНИ «ФЛЕБОС»,42394149
ТОВАРИСТВО З ОБМЕЖЕНОЮ ВІДПОВІДАЛЬНІСТЮ «МЕДИЧНИЙ ЦЕНТР МАТЕРІ»,39142799
ТОВАРИСТВО З ОБМЕЖЕНОЮ ВІДПОВІДАЛЬНІСТЮ «ПЛЮС-ПЛЮС»,41200770
ТОВАРИСТВО З ОБМЕЖЕНОЮ ВІДПОВІДАЛЬНІСТЮ «ПАНТЕРА ЛТД»,35059351
ТОВАРИСТВО З ОБМЕЖЕНОЮ ВІДПОВІДАЛЬНІСТЮ «ОНТО-МЕД»,42659047
ТОВАРИСТВО З ОБМЕЖЕНОЮ ВІДПОВІДАЛЬНІСТЮ «Д-БУРГЕР»,40195629
ПРИВАТНЕ АКЦІОНЕРНЕ ТОВАРИСТВО «ГОТЕЛЬ «ПРЕМ'ЄР ПАЛАЦ»,21660999
ТОВАРИСТВО З ОБМЕЖЕНОЮ ВІДПОВІДАЛЬНІСТЮ «ТАЧКІ»,40176606
ТОВАРИСТВО З ОБМЕЖЕНОЮ ВІДПОВІДАЛЬНІСТЮ «МАРКЕТИНГОВЕ АГЕНСТВО «СІЛЬ»,37724412
ТОВАРИСТВО З ОБМЕЖЕНОЮ ВІДПОВІДАЛЬНІСТЮ «ФУД ПЛЕЙС»,42999368
ТОВАРИСТВО З ОБМЕЖЕНОЮ ВІДПОВІДАЛЬНІСТЮ «ЮНІТ ЖИТЛОІНВЕСТ»,41815327
ТОВАРИСТВО З ОБМЕЖЕНОЮ ВІДПОВІДАЛЬНІСТЮ «МІЛА ТЕХНОЛОДЖІ»,38947337
ТОВАРИСТВО З ОБМЕЖЕНОЮ ВІДПОВІДАЛЬНІСТЮ «КИЇВ ФУД МАРКЕТ МЕНЕДЖМЕНТ»,42917002
ТОВАРИСТВО З ОБМЕЖЕНОЮ ВІДПОВІДАЛЬНІСТЮ «ОРА ПРО»,42643901
ТОВАРИСТВО З ОБМЕЖЕНОЮ ВІДПОВІДАЛЬНІСТЮ «ЯКАБУ ТРЕЙД»,41112852
ТОВАРИСТВО З ОБМЕЖЕНОЮ ВІДПОВІДАЛЬНІСТЮ «БЛАГОВЕСТ-ТМ»,34705905
ТОВАРИСТВО З ОБМЕЖЕНОЮ ВІДПОВІДАЛЬНІСТЮ «ХЕЛГІ»,39515144
ТОВАРИСТВО З ОБМЕЖЕНОЮ ВІДПОВІДАЛЬНІСТЮ «ЦЦЦ УКРАЇНА»,38244048
ПРИВАТНИЙ ЗАКЛАД «ЗАКЛАД ДОШКІЛЬНОЇ ОСВІТИ «ОБІЙМИ»,41776325
ПРИВАТНЕ АКЦІОНЕРНЕ ТОВАРИСТВО «ГОТЕЛЬНИЙ КОМПЛЕКС «БРАТИСЛАВА»,4820622
ТОВАРИСТВО З ОБМЕЖЕНОЮ ВІДПОВІДАЛЬНІСТЮ «КАЗА НОРІ ОСТЕРІЯ ІТАЛІАНА»,41101369
ТОВАРИСТВО З ОБМЕЖЕНОЮ ВІДПОВІДАЛЬНІСТЮ «ПАРТНЕР КЛУБ ІНВЕСТ»,36926737
ПРИВАТНИЙ ВИЩИЙ НАВЧАЛЬНИЙ ЗАКЛАД «УНІВЕРСИТЕТ СУЧАСНИХ ЗНАНЬ»,31839933
ТОВАРИСТВО З ОБМЕЖЕНОЮ ВІДПОВІДАЛЬНІСТЮ «НОУ БАР»,41487970
ТОВАРИСТВО З ОБМЕЖЕНОЮ ВІДПОВІДАЛЬНІСТЮ «КАМОРА»,38515688
ТОВАРИСТВО З ОБМЕЖЕНОЮ ВІДПОВІДАЛЬНІСТЮ «ТМ ФОРТУНА»,41859377
ТОВАРИСТВО З ОБМЕЖЕНОЮ ВІДПОВІДАЛЬНІСТЮ «КВАДРАТ-ГНАТА ЮРИ»,31625340
ТОВАРИСТВО З ОБМЕЖЕНОЮ ВІДПОВІДАЛЬНІСТЮ «СОЛЕЛАКЦІОНЕРНЕ ТОВАРИСТВО ПАЛАЦ»,41413558
ТОВАРИСТВО З ОБМЕЖЕНОЮ ВІДПОВІДАЛЬНІСТЮ «ДНЕПР 1»,39837383
ТОВАРИСТВО З ОБМЕЖЕНОЮ ВІДПОВІДАЛЬНІСТЮ «АШ БІ МЕДІКАЛ»,43547512
ТОВАРИСТВО З ОБМЕЖЕНОЮ ВІДПОВІДАЛЬНІСТЮ «НАРДЕНТ»,41650944
ТОВАРИСТВО З ОБМЕЖЕНОЮ ВІДПОВІДАЛЬНІСТЮ «СПОРТ МАРКЕТИНГ»,37268115
ТОВАРИСТВО З ОБМЕЖЕНОЮ ВІДПОВІДАЛЬНІСТЮ «РОЗЕТКА.УА»,37193071
ДП «КАПАРОЛ УКРАЇНА»,32593100
ПРИВАТНЕ ПІДПРИЄМСТВО «ДАРІЯ»,30723344
ТОВАРИСТВО З ОБМЕЖЕНОЮ ВІДПОВІДАЛЬНІСТЮ «ПЕГАС-СК»,33592087
ТОВАРИСТВО З ОБМЕЖЕНОЮ ВІДПОВІДАЛЬНІСТЮ «ПРОТОРІЯ»,39659560
ТОВАРИСТВО З ОБМЕЖЕНОЮ ВІДПОВІДАЛЬНІСТЮ «АРОМА САУНА»,36691989
ТОВАРИСТВО З ОБМЕЖЕНОЮ ВІДПОВІДАЛЬНІСТЮ «ЛІНАРДІ»,38158792
НАЦІОНАЛЬНИЙ КОМПЛЕКС «ЕКСПОЦЕНТР УКРАЇНИ»,21710384
ТОВАРИСТВО З ОБМЕЖЕНОЮ ВІДПОВІДАЛЬНІСТЮ «ЧАСОПИС УКРАЇНА»,39323110
ТОВАРИСТВО З ОБМЕЖЕНОЮ ВІДПОВІДАЛЬНІСТЮ «КАМЕЛІЯ-ХОЛДИНГ»,38250444
ТОВАРИСТВО З ОБМЕЖЕНОЮ ВІДПОВІДАЛЬНІСТЮ «ЗАКАРПАТСЬКИЙ»,39280773
ТОВАРИСТВО З ОБМЕЖЕНОЮ ВІДПОВІДАЛЬНІСТЮ «БУДИНОК ПОБУТУ «ДАРНИЧАНКА»,21588865
ПРИВАТНЕ АКЦІОНЕРНЕ ТОВАРИСТВО «КАНЬЙОН»,31725394
ТОВАРИСТВО З ОБМЕЖЕНОЮ ВІДПОВІДАЛЬНІСТЮ «АПТЕКА «НОВЕМ»,42370987
ТОВАРИСТВО З ОБМЕЖЕНОЮ ВІДПОВІДАЛЬНІСТЮ «ФІНАНСОВА КОМПАНІЯ «АКСІОМА»,40180277
ТОВАРИСТВО З ОБМЕЖЕНОЮ ВІДПОВІДАЛЬНІСТЮ «УКРПОЛІПАК»,32204633
ТОВАРИСТВО З ОБМЕЖЕНОЮ ВІДПОВІДАЛЬНІСТЮ «КЛІНІКА ВІДНОВЛЕННЯ ЗОРУ»,37331584
ТОВАРИСТВО З ОБМЕЖЕНОЮ ВІДПОВІДАЛЬНІСТЮ «РЕСТХОЛ»,42752855
ТОВАРИСТВО З ОБМЕЖЕНОЮ ВІДПОВІДАЛЬНІСТЮ «БРІСТЛБЕК»,43357375
ПУБЛІЧНЕ АКЦІОНЕРНЕ ТОВАРИСТВО «МТБ БАНК»,21650966
ТОВАРИСТВО З ОБМЕЖЕНОЮ ВІДПОВІДАЛЬНІСТЮ «ГАГА»,42284448
ТОВАРИСТВО З ОБМЕЖЕНОЮ ВІДПОВІДАЛЬНІСТЮ «ДВЕРІ В ІНТЕР'ЄРІ»,42401234
ТОВАРИСТВО З ОБМЕЖЕНОЮ ВІДПОВІДАЛЬНІСТЮ «КАВИЦЬКИЙ»,31353110
АДВОКАТСЬКЕ БЮРО «ІВАНА ХОМИЧА»,41486893
ТОВАРИСТВО З ОБМЕЖЕНОЮ ВІДПОВІДАЛЬНІСТЮ «МС МОТОРС»,40670671
ТОВАРИСТВО З ОБМЕЖЕНОЮ ВІДПОВІДАЛЬНІСТЮ «ТЯНЬСЯ»,38148255
ТОВАРИСТВО З ОБМЕЖЕНОЮ ВІДПОВІДАЛЬНІСТЮ «СТОЛИЧНИЙ ЦУМ»,37254825
ТОВАРИСТВО З ОБМЕЖЕНОЮ ВІДПОВІДАЛЬНІСТЮ «ФІМІАТРАС»,36031803
ТОВАРИСТВО З ОБМЕЖЕНОЮ ВІДПОВІДАЛЬНІСТЮ «ТУР-КА»,43316941
ТОВАРИСТВО З ОБМЕЖЕНОЮ ВІДПОВІДАЛЬНІСТЮ «ПАНДОРО»,38158787
ПРИВАТНЕ ПІДПРИЄМСТВО «АРІСС»,31304126
ТОВАРИСТВО З ОБМЕЖЕНОЮ ВІДПОВІДАЛЬНІСТЮ «ПИВНА. МЕРЕЖА ЗАКЛАДІВ»,41680743
ТОВАРИСТВО З ОБМЕЖЕНОЮ ВІДПОВІДАЛЬНІСТЮ «ГЕНАЦВАЛЄ І ХІНКАЛІ»,31750845
ПРИВАТНЕ ПІДПРИЄМСТВО «ВІЛІДА»,36449577
ТОВАРИСТВО З ОБМЕЖЕНОЮ ВІДПОВІДАЛЬНІСТЮ «ГРАДОБУД 1»,35625391
ТОВАРИСТВО З ОБМЕЖЕНОЮ ВІДПОВІДАЛЬНІСТЮ «ОЗО РЕСТ-ТРЕСТ»,41201601
ТОВАРИСТВО З ОБМЕЖЕНОЮ ВІДПОВІДАЛЬНІСТЮ «ЧЕСТНАКЦІОНЕРНЕ ТОВАРИСТВО ХОЛЛ»,40998624
ТОВАРИСТВО З ОБМЕЖЕНОЮ ВІДПОВІДАЛЬНІСТЮ «РЕПРОДУКТИВНА КЛІНІКА «ЛІТА»,43024370
ТОВАРИСТВО З ОБМЕЖЕНОЮ ВІДПОВІДАЛЬНІСТЮ «ВІСІМ КАМЕНІВ»,39891744
ТОВАРИСТВО З ОБМЕЖЕНОЮ ВІДПОВІДАЛЬНІСТЮ «ПКМ ТРЕЙД»,42603481
ТОВАРИСТВО З ОБМЕЖЕНОЮ ВІДПОВІДАЛЬНІСТЮ «ВАЙНСТАЙЛ»,38952994
ТОВАРИСТВО З ОБМЕЖЕНОЮ ВІДПОВІДАЛЬНІСТЮ «СКАЙ МЄДІА»,40759712
ТОВАРИСТВО З ОБМЕЖЕНОЮ ВІДПОВІДАЛЬНІСТЮ «ГРИЛЬ ДО БРАЗИЛ 101»,43868978
ТОВАРИСТВО З ОБМЕЖЕНОЮ ВІДПОВІДАЛЬНІСТЮ «СПОРТ-КОМФОРТ»,37635773
ТОВАРИСТВО З ОБМЕЖЕНОЮ ВІДПОВІДАЛЬНІСТЮ «ФЕШН РЕНТ»,39062848
ТОВАРИСТВО З ОБМЕЖЕНОЮ ВІДПОВІДАЛЬНІСТЮ «ДОКТОР ОРАНЖ»,43551864
ДП «ЯРОСЛАВЬ»,30729372
ТОВАРИСТВО З ОБМЕЖЕНОЮ ВІДПОВІДАЛЬНІСТЮ «УКРАЇНСЬКА АРХІТЕКТУРНА СПІЛКА»,33783563
ТОВАРИСТВО З ОБМЕЖЕНОЮ ВІДПОВІДАЛЬНІСТЮ «НАРС КАРС»,40421306
ТОВАРИСТВО З ОБМЕЖЕНОЮ ВІДПОВІДАЛЬНІСТЮ «КАКОС»,39616401
ТОВАРИСТВО З ОБМЕЖЕНОЮ ВІДПОВІДАЛЬНІСТЮ «ІТАЛІЯ»,38180084
ТОВАРИСТВО З ОБМЕЖЕНОЮ ВІДПОВІДАЛЬНІСТЮ «ЮНІМЕД ЛАБОРАТОРІЗ»,41771751
ПРИВАТНЕ ПІДПРИЄМСТВО «СЕРВІСНО-ТУРИСТИЧНА ФІРМА «УКРТЕХІНТУР»,19018282
ТОВАРИСТВО З ОБМЕЖЕНОЮ ВІДПОВІДАЛЬНІСТЮ «ТОРГОВИЙ ДІМ «МІДАС АКТИВ»,39929788
ТОВАРИСТВО З ОБМЕЖЕНОЮ ВІДПОВІДАЛЬНІСТЮ «СТАНДАРТПРОЕКТ»,41309581
ТОВАРИСТВО З ОБМЕЖЕНОЮ ВІДПОВІДАЛЬНІСТЮ «ФОРТУНА-ЦЕНТР»,39160729
ТОВАРИСТВО «ЗНАННЯ» УКРАЇНИ,16490
ТОВАРИСТВО З ОБМЕЖЕНОЮ ВІДПОВІДАЛЬНІСТЮ «СУЧАСНИЙ СТОМАТОЛОГІЧНИЙ ЦЕНТР»,40333765
ТОВАРИСТВО З ОБМЕЖЕНОЮ ВІДПОВІДАЛЬНІСТЮ «ДЕНТАЛСІТІ»,41919358
ТОВАРИСТВО З ОБМЕЖЕНОЮ ВІДПОВІДАЛЬНІСТЮ «ДИНАСТІЯ-СТОМ»,36824994
ТОВАРИСТВО З ОБМЕЖЕНОЮ ВІДПОВІДАЛЬНІСТЮ «АГЕНТСТВО НЕРУХОМОСТІ «БЛАГОВІСТ» ГАЛИЦЬКЕ»,37995838
ТОВАРИСТВО З ОБМЕЖЕНОЮ ВІДПОВІДАЛЬНІСТЮ «АГЕНСТВО НЕРУХОМОСТІ «ПАРК ЛЕЙН» СОФІЙСЬКІ ВОРОТА»,37995293
ТОВАРИСТВО З ОБМЕЖЕНОЮ ВІДПОВІДАЛЬНІСТЮ «АРТЕМІС ГРУП»,43200484
ТОВАРИСТВО З ОБМЕЖЕНОЮ ВІДПОВІДАЛЬНІСТЮ «МЕДИЧНИЙ ЦЕНТР ЛІКАРЯ РИМАРЕНКО»,42448230
ТОВАРИСТВО З ОБМЕЖЕНОЮ ВІДПОВІДАЛЬНІСТЮ «ЄВРОПЕЙСЬКЕ МІСТО!»,37847122
ТОВАРИСТВО З ОБМЕЖЕНОЮ ВІДПОВІДАЛЬНІСТЮ «НОБЛЕСС»,35135348
ТОВАРИСТВО З ОБМЕЖЕНОЮ ВІДПОВІДАЛЬНІСТЮ «ХРЕЩАТИК ПЛАЗА»,1549366
ТОВАРИСТВО З ОБМЕЖЕНОЮ ВІДПОВІДАЛЬНІСТЮ «АЛСЕР»,38365122
ТОВАРИСТВО З ОБМЕЖЕНОЮ ВІДПОВІДАЛЬНІСТЮ «АБАБІЛА»,42726928
ТОВАРИСТВО З ОБМЕЖЕНОЮ ВІДПОВІДАЛЬНІСТЮ «ДАВЛАКЦІОНЕРНЕ ТОВАРИСТВО УКРАЇНА»,37896887
ТОВАРИСТВО З ОБМЕЖЕНОЮ ВІДПОВІДАЛЬНІСТЮ «ЕГЕРЗУНД СІФУД»,38906953
ТОВАРИСТВО З ОБМЕЖЕНОЮ ВІДПОВІДАЛЬНІСТЮ «КАРБОН ІНВЕСТ»,39273331
ТОВАРИСТВО З ОБМЕЖЕНОЮ ВІДПОВІДАЛЬНІСТЮ «ГЛОБАЛ-ВЕЙ»,37626418
ПРИВАТНЕ ПІДПРИЄМСТВО ФІРМА «ВОЛНА»,21571161
ТОВАРИСТВО З ОБМЕЖЕНОЮ ВІДПОВІДАЛЬНІСТЮ «ІЛ МОЛІНО 4»,41113531
ТОВАРИСТВО З ОБМЕЖЕНОЮ ВІДПОВІДАЛЬНІСТЮ «СТАРЛАЙФ №1»,40304870
ТОВАРИСТВО З ОБМЕЖЕНОЮ ВІДПОВІДАЛЬНІСТЮ «АКОРД-2017»,41253246
ТОВАРИСТВО З ОБМЕЖЕНОЮ ВІДПОВІДАЛЬНІСТЮ НВФ «КОНТИНЕНТ»,21533829
ТОВАРИСТВО З ОБМЕЖЕНОЮ ВІДПОВІДАЛЬНІСТЮ «ВИННА КАРТА»,32918345
ТОВАРИСТВО З ОБМЕЖЕНОЮ ВІДПОВІДАЛЬНІСТЮ «ПРОВИНО»,40914675
ТОВАРИСТВО З ОБМЕЖЕНОЮ ВІДПОВІДАЛЬНІСТЮ «МОБІЛАЙН ПЛАЗА»,24994596
ТОВАРИСТВО З ОБМЕЖЕНОЮ ВІДПОВІДАЛЬНІСТЮ «АВТОЦЕНТР «ЄВРОПА»,36555734
ТОВАРИСТВО З ОБМЕЖЕНОЮ ВІДПОВІДАЛЬНІСТЮ «ІНДІГО-КЛАБ»,37063794
ПРИВАТНЕ ПІДПРИЄМСТВО «ЛАУРА»,30673587
ПРИВАТНЕ ПІДПРИЄМСТВО «СТОМАДЕНТ»,37447942
ТОВАРИСТВО З ОБМЕЖЕНОЮ ВІДПОВІДАЛЬНІСТЮ «ЕНВІЛ»,30550772
ТОВАРИСТВО З ОБМЕЖЕНОЮ ВІДПОВІДАЛЬНІСТЮ «КОМСТЕЙТ»,38213622
ТОВАРИСТВО З ОБМЕЖЕНОЮ ВІДПОВІДАЛЬНІСТЮ «ІНСТИТУТ ОФТАЛЬМОЛОГІЇ»,42831397
ТОВАРИСТВО З ОБМЕЖЕНОЮ ВІДПОВІДАЛЬНІСТЮ «СЕРВІС 1 ЮКРЕЙН»,37480492
ТОВАРИСТВО З ОБМЕЖЕНОЮ ВІДПОВІДАЛЬНІСТЮ «ГУРМАН 1»,43380556
ДП «ІСТТЕХ»,25267572
ПРИВАТНЕ ПІДПРИЄМСТВО «УСПІХ - 21 СТОЛІТТЯ»,31725672
ТОВАРИСТВО З ОБМЕЖЕНОЮ ВІДПОВІДАЛЬНІСТЮ «АЙ ЛОМБАРД»,44916262
ТОВАРИСТВО З ОБМЕЖЕНОЮ ВІДПОВІДАЛЬНІСТЮ «ІНСТИТУТ ВЕРТЕБРОЛОГІЇ І РЕАБІЛІТАЦІЇ»,37147135
ТОВАРИСТВО З ОБМЕЖЕНОЮ ВІДПОВІДАЛЬНІСТЮ «КИЇВСЬКИЙ БКК»,40877052
ТОВАРИСТВО З ОБМЕЖЕНОЮ ВІДПОВІДАЛЬНІСТЮ «ХЕЛСІ ЕНІМАЛС»,43418118
ТОВАРИСТВО З ОБМЕЖЕНОЮ ВІДПОВІДАЛЬНІСТЮ «ФАРМАРТ ЛТД»,40293031
ПРИВАТНЕ ПІДПРИЄМСТВО «ТЕРРА - Р»,31245532
ТОВАРИСТВО З ОБМЕЖЕНОЮ ВІДПОВІДАЛЬНІСТЮ «АВІОН+»,40110917
ТОВАРИСТВО З ОБМЕЖЕНОЮ ВІДПОВІДАЛЬНІСТЮ «МЕРЕЖА ЕСТЕТИЧНИХ КЛІНІК «АКУЛА»»,41628374
ТОВАРИСТВО З ОБМЕЖЕНОЮ ВІДПОВІДАЛЬНІСТЮ «АЛЬФА ДІДЖИТАЛ»,43177445
ТОВАРИСТВО З ОБМЕЖЕНОЮ ВІДПОВІДАЛЬНІСТЮ «СІ ЕС ДІ ЛАБ»,42519264
ТОВАРИСТВО З ОБМЕЖЕНОЮ ВІДПОВІДАЛЬНІСТЮ «ПАРТНЕР ФІНАНС»,38327699
ТОВАРИСТВО З ОБМЕЖЕНОЮ ВІДПОВІДАЛЬНІСТЮ «ДІЛАЙТ ПРО»,43269499
ТОВАРИСТВО З ОБМЕЖЕНОЮ ВІДПОВІДАЛЬНІСТЮ «АРТУР»,19135139
ТОВАРИСТВО З ОБМЕЖЕНОЮ ВІДПОВІДАЛЬНІСТЮ «РОНАВЕЙ»,43008322
ТОВАРИСТВО З ОБМЕЖЕНОЮ ВІДПОВІДАЛЬНІСТЮ «ІСТОК-М»,32069550
ТОВАРИСТВО З ОБМЕЖЕНОЮ ВІДПОВІДАЛЬНІСТЮ «МАДЖЕСТІК СТРІМ»,41064757
ТОВАРИСТВО З ОБМЕЖЕНОЮ ВІДПОВІДАЛЬНІСТЮ «САМСУНГ ЕЛЕКТРОНІКС УКРАЇНА КОМПАНІ»,36048094
ТОВАРИСТВО З ОБМЕЖЕНОЮ ВІДПОВІДАЛЬНІСТЮ «ЮКРЕЙНІАН ДІВЕЛОПМЕНТ СЕРВІС»,35364545
ТОВАРИСТВО З ОБМЕЖЕНОЮ ВІДПОВІДАЛЬНІСТЮ «ВИРОБНИЧО-ТОРГІВЕЛЬНА ФІРМА «ЕКМІ»,20007642
ТОВАРИСТВО З ОБМЕЖЕНОЮ ВІДПОВІДАЛЬНІСТЮ «АКСМЕДІКАЛ»,43471433
ДОЧІРНЄ ПІДПРИЄМСТВО «ЦЕПТЕР ІНТЕРНАЦІОНАЛЬ УКРАЇНА»,20056698
ТОВАРИСТВО З ОБМЕЖЕНОЮ ВІДПОВІДАЛЬНІСТЮ «ДОСТАВКА СЕРВІС»,42073783
ТОВАРИСТВО З ОБМЕЖЕНОЮ ВІДПОВІДАЛЬНІСТЮ «БАЛФОРТ»,41719974
ТОВАРИСТВО З ОБМЕЖЕНОЮ ВІДПОВІДАЛЬНІСТЮ «ПРИВАТНИЙ ЗАКЛАД ОСВІТИ «НЬЮТОН КІДЗ»,41277658
ТОВАРИСТВО З ОБМЕЖЕНОЮ ВІДПОВІДАЛЬНІСТЮ «ФУДІНДАСТРІЗ»,43751868
ТОВАРИСТВО З ОБМЕЖЕНОЮ ВІДПОВІДАЛЬНІСТЮ «ТСМ ІНТЕР-АВТО»,38735116
ТОВАРИСТВО З ОБМЕЖЕНОЮ ВІДПОВІДАЛЬНІСТЮ «АВТОРІВЕР»,43030630
ТОВАРИСТВО З ОБМЕЖЕНОЮ ВІДПОВІДАЛЬНІСТЮ «ЛЮКС СІСТЕМ»,38925604
ТОВАРИСТВО З ОБМЕЖЕНОЮ ВІДПОВІДАЛЬНІСТЮ «ЧЕРНОМОРКА НА РУСАНІВЦІ»,43804940
ТОВАРИСТВО З ОБМЕЖЕНОЮ ВІДПОВІДАЛЬНІСТЮ «РЕСТА ПЛЮС»,42648407
ТОВАРИСТВО З ОБМЕЖЕНОЮ ВІДПОВІДАЛЬНІСТЮ «ТРЕЙД СЕРВІС ПРОМОУШЕН»,45220832
ТОВАРИСТВО З ОБМЕЖЕНОЮ ВІДПОВІДАЛЬНІСТЮ «ФДМ БУД»,42736168
ПРИВАТНЕ ПІДПРИЄМСТВО «ДІЛ»,19491704
ТОВАРИСТВО З ОБМЕЖЕНОЮ ВІДПОВІДАЛЬНІСТЮ «СПАДАРО»,44021999
ТОВАРИСТВО З ОБМЕЖЕНОЮ ВІДПОВІДАЛЬНІСТЮ «ФІН-ІНВЕСТ МЕНЕДЖМЕНТ»,34809131
ТОВАРИСТВО З ОБМЕЖЕНОЮ ВІДПОВІДАЛЬНІСТЮ «БУНЧ ТРЕЙД»,43240045
ТОВАРИСТВО З ОБМЕЖЕНОЮ ВІДПОВІДАЛЬНІСТЮ «ФАРМА-СІТІ»,33444314
ТОВАРИСТВО З ОБМЕЖЕНОЮ ВІДПОВІДАЛЬНІСТЮ «ПВК-СПОРТ»,42526690
ТОВАРИСТВО З ОБМЕЖЕНОЮ ВІДПОВІДАЛЬНІСТЮ «ТОРГОВО КЕРУЮЧА КОМПАНІЯ «ЦИРЮЛЬНИК»,43029300
ПОВНЕ ТОВАРИСТВО «ЛОМБАРД ТОВАРИСТВО З ОБМЕЖЕНОЮ ВІДПОВІДАЛЬНІСТЮ «ГАРАНТ КАПІТАЛ» І КОМПАНІЯ»,37728197
ТОВАРИСТВО З ОБМЕЖЕНОЮ ВІДПОВІДАЛЬНІСТЮ «МЕДІ УКРАЇНА»,37147025
ТОВАРИСТВО З ОБМЕЖЕНОЮ ВІДПОВІДАЛЬНІСТЮ «МЕГА СТАЙЛІНГ»,42254612
ТОВАРИСТВО З ОБМЕЖЕНОЮ ВІДПОВІДАЛЬНІСТЮ «ГРАНД МЕНЕДЖМЕНТ»,37200675
ТОВАРИСТВО З ОБМЕЖЕНОЮ ВІДПОВІДАЛЬНІСТЮ «НЕЙРОМЕД К»,40828911
ТОВАРИСТВО З ОБМЕЖЕНОЮ ВІДПОВІДАЛЬНІСТЮ «АНАЛІЗИ»,42973711
ТОВАРИСТВО З ОБМЕЖЕНОЮ ВІДПОВІДАЛЬНІСТЮ «НЕОПОЛІС-БУД»,35251010
ТОВАРИСТВО З ОБМЕЖЕНОЮ ВІДПОВІДАЛЬНІСТЮ «КЛЕМЕНС»,37192497
ТОВАРИСТВО З ОБМЕЖЕНОЮ ВІДПОВІДАЛЬНІСТЮ «ФРІДОМ ФІНАНС УКРАЇНА»,21654295
АКЦІОНЕРНЕ ТОВАРИСТВО «УНІВЕРМАГ «УКРАЇНА»,1564897
ТОВАРИСТВО З ОБМЕЖЕНОЮ ВІДПОВІДАЛЬНІСТЮ «ВАЙН ПОІНТ»,41773015
ТОВАРИСТВО З ОБМЕЖЕНОЮ ВІДПОВІДАЛЬНІСТЮ «ГУНАТЕХ»,34297735
ТОВАРИСТВО З ОБМЕЖЕНОЮ ВІДПОВІДАЛЬНІСТЮ «ПАЛЕГІО ТРЕЙД»,41110682
ТОВАРИСТВО З ОБМЕЖЕНОЮ ВІДПОВІДАЛЬНІСТЮ «ОЛМАКС ГРУП ЛТД»,41917902
ТОВАРИСТВО З ОБМЕЖЕНОЮ ВІДПОВІДАЛЬНІСТЮ «КУТИК»,37241711
ТОВАРИСТВО З ОБМЕЖЕНОЮ ВІДПОВІДАЛЬНІСТЮ «КРОНОС 1991»,13674102
ТОВАРИСТВО З ОБМЕЖЕНОЮ ВІДПОВІДАЛЬНІСТЮ «ДЕНТА-Д»,41080213
ТОВАРИСТВО З ОБМЕЖЕНОЮ ВІДПОВІДАЛЬНІСТЮ «МК ІНТЕРНЕШНЛ»,43871797
ТОВАРИСТВО З ОБМЕЖЕНОЮ ВІДПОВІДАЛЬНІСТЮ «ЛОРАШЕН»,38619071
ТОВАРИСТВО З ОБМЕЖЕНОЮ ВІДПОВІДАЛЬНІСТЮ ІК «НАНОПРОТЕК»,39507641
ПРИВАТНЕ АКЦІОНЕРНЕ ТОВАРИСТВО «МАРС»,14309379
ПРИВАТНЕ АКЦІОНЕРНЕ ТОВАРИСТВО «ЕЛІТ ДЕКОР»,32044761
ТОВАРИСТВО З ОБМЕЖЕНОЮ ВІДПОВІДАЛЬНІСТЮ «СІТІ ДОРЗ»,42425632
ГРОМАДСЬКА ОРГАНІЗАЦІЯ «СПОРТИВНО-ТАНЦЮВАЛЬНИЙ КЛУБ «АСТРА»,36871620
ТОВАРИСТВО З ОБМЕЖЕНОЮ ВІДПОВІДАЛЬНІСТЮ «УКРБУД ІНВЕСТ»,39534785
ТОВАРИСТВО З ОБМЕЖЕНОЮ ВІДПОВІДАЛЬНІСТЮ «ВОДОЛІЯ»,35136315
ТОВАРИСТВО З ОБМЕЖЕНОЮ ВІДПОВІДАЛЬНІСТЮ «ГУДВІЛЛ 5»,44404918
ТОВАРИСТВО З ОБМЕЖЕНОЮ ВІДПОВІДАЛЬНІСТЮ «АПТЕЧНЕ ОБ'ЄДНАННЯ «БІОКОН»,34539443
ТОВАРИСТВО З ОБМЕЖЕНОЮ ВІДПОВІДАЛЬНІСТЮ «СІТІЗЕН КАФЕ»,39797215
ТОВАРИСТВО З ОБМЕЖЕНОЮ ВІДПОВІДАЛЬНІСТЮ «ІНТУРАЖ»,42633406
ОБСЛУГОВУЮЧИЙ КООПЕРАТИВ «ОРСЕЙ УКРАЇНА 2»,41520855
ТОВАРИСТВО З ОБМЕЖЕНОЮ ВІДПОВІДАЛЬНІСТЮ «ІЛТА»,14284053
АКЦІОНЕРНЕ ТОВАРИСТВО «АКЦІОНЕРНА СТРАХОВА КОМПАНІЯ «ОМЕГА»,21626809
ТОВАРИСТВО З ОБМЕЖЕНОЮ ВІДПОВІДАЛЬНІСТЮ «СКАЙКЛІНІК»,41291543
ТОВАРИСТВО З ОБМЕЖЕНОЮ ВІДПОВІДАЛЬНІСТЮ «ХАЙЛЕН»,43525970
ТОВАРИСТВО З ОБМЕЖЕНОЮ ВІДПОВІДАЛЬНІСТЮ «АКАДЕМІЯ БЕЗПЕРЕРВНОЇ ОСВІТИ ОРТОДОНТІВ»,38261241
ТОВАРИСТВО З ОБМЕЖЕНОЮ ВІДПОВІДАЛЬНІСТЮ «ДЕОРБУД»,40442478
ТОВАРИСТВО З ДОДАТКОВОЮ ВІДПОВІДАЛЬНІСТЮ КИЇВСЬКИЙ ЕКСПЕРИМЕНТАЛЬНИЙ МАШИНОБУДІВНИЙ ЗАВОД «СТЕНД»,5763435
ТОВАРИСТВО З ОБМЕЖЕНОЮ ВІДПОВІДАЛЬНІСТЮ «ВИРОБНИЧО-КОМЕРЦІЙНА ФІРМА АЗОВ-ЕКСПОРТ»,37644154
ПУБЛІЧНЕ АКЦІОНЕРНЕ ТОВАРИСТВО «НАУКОВО - ВИРОБНИЧИЙ ЦЕНТР «БОРЩАГІВСЬКИЙ ХІМІКО - ФАРМАЦЕВТИЧНИЙ ЗАВОД»,23518596
ПРИВАТНЕ АКЦІОНЕРНЕ ТОВАРИСТВО «УКРАЇНСЬКО-КАНАДСЬКЕ СПІЛЬНЕ ТОВАРИСТВО «ТОРОНТО-КИЇВ»,14302294
ТОВАРИСТВО З ОБМЕЖЕНОЮ ВІДПОВІДАЛЬНІСТЮ «МЕДИЧНА АНАЛІТИКА»,43896282
АКЦІОНЕРНЕ ТОВАРИСТВО МАГАЗИН «БУДИНОК МЕБЛІВ»,14356278
ТОВАРИСТВО З ОБМЕЖЕНОЮ ВІДПОВІДАЛЬНІСТЮ «САПСАН РЕСТ»,44108613
ТОВАРИСТВО З ОБМЕЖЕНОЮ ВІДПОВІДАЛЬНІСТЮ «ФІНАНСОВА КОМПАНІЯ «ОКТАВА ФІНАНС»,39628794
ТОВАРИСТВО З ОБМЕЖЕНОЮ ВІДПОВІДАЛЬНІСТЮ «КОМПАНІЯ «ОФІСМЕН»,42643058
ТОВАРИСТВО З ОБМЕЖЕНОЮ ВІДПОВІДАЛЬНІСТЮ «ЦЕНТР ЛАЗЕРНОЇ ХІРУРГІЇ ОКА «ВІЗІУМ»,40583139
ТОВАРИСТВО З ОБМЕЖЕНОЮ ВІДПОВІДАЛЬНІСТЮ «НОВВА»,37211032
ТОВАРИСТВО З ОБМЕЖЕНОЮ ВІДПОВІДАЛЬНІСТЮ «ТУРФІРМА «КАЙЗЕР ТУР»,40750437
"ТОВАРИСТВО З ОБМЕЖЕНОЮ ВІДПОВІДАЛЬНІСТЮ «ГРАТІС, ЛТД»",23159341
ТОВАРИСТВО З ОБМЕЖЕНОЮ ВІДПОВІДАЛЬНІСТЮ «СТАР УКРАЇНА»,36001352
ПРИВАТНЕ АКЦІОНЕРНЕ ТОВАРИСТВО «УКРАЇНСЬКА СТРАХОВА КОМПАНІЯ «КНЯЖА ВІЄННА ІНШУРАНС ГРУП»,24175269
ТОВАРИСТВО З ОБМЕЖЕНОЮ ВІДПОВІДАЛЬНІСТЮ «ФОРСАЖ КЛУБ»,33592050
ТОВАРИСТВО З ОБМЕЖЕНОЮ ВІДПОВІДАЛЬНІСТЮ «ХЕЛСІ ФУДС»,43144776
АДВОКАТСЬКЕ ОБ'ЄДНАННЯ «АДВОКАТСЬКА КОМПАНІЯ «ЧЕВГУЗ ТА ПАРТНЕРИ»,38260604
ТОВАРИСТВО З ОБМЕЖЕНОЮ ВІДПОВІДАЛЬНІСТЮ «УАНПРАЙС МАРКЕТИНГ»,43839140
ТОВАРИСТВО З ОБМЕЖЕНОЮ ВІДПОВІДАЛЬНІСТЮ «ВЕСТ ОЙЛ ГРУП»,34524327
ТОВАРИСТВО З ОБМЕЖЕНОЮ ВІДПОВІДАЛЬНІСТЮ «ІМПЕРІЯ СТЕЙКІВ»,44244669
ТОВАРИСТВО З ОБМЕЖЕНОЮ ВІДПОВІДАЛЬНІСТЮ «АПОЛЛО-18»,43984567
ТОВАРИСТВО З ОБМЕЖЕНОЮ ВІДПОВІДАЛЬНІСТЮ «ГІЛЬДІЯ НЕРУХОМОСТІ»,22808435
ТОВАРИСТВО З ОБМЕЖЕНОЮ ВІДПОВІДАЛЬНІСТЮ «ВЕСТ ПЕТРОЛ МАРКЕТ»,42663493
ТОВАРИСТВО З ОБМЕЖЕНОЮ ВІДПОВІДАЛЬНІСТЮ «ТОРГПРОДУНІВЕРСАЛ»,43059183
ДП ГОТЕЛЬНИЙ КОМПЛЕКС «ТУРИСТ» ПРИВАТНОГО АКЦІОНЕРНОГО ТОВАРИСТВА «УКРПРОФТУР»,14353417
ТОВАРИСТВО З ОБМЕЖЕНОЮ ВІДПОВІДАЛЬНІСТЮ «СКАНДІ-ТРЕЙД»,43380818
ТОВАРИСТВО З ОБМЕЖЕНОЮ ВІДПОВІДАЛЬНІСТЮ «СОВА - РИТЕЙЛ»,40412899
ПРИВАТНЕ ПІДПРИЄМСТВО «ТІС ГРУП»,34494209
ТОВАРИСТВО З ОБМЕЖЕНОЮ ВІДПОВІДАЛЬНІСТЮ «РЕКЛАМА СТАР»,43060047
ТОВАРИСТВО З ОБМЕЖЕНОЮ ВІДПОВІДАЛЬНІСТЮ «ЦЕНТР УРОМЕД»,37013214
ТОВАРИСТВО З ОБМЕЖЕНОЮ ВІДПОВІДАЛЬНІСТЮ «СВ ТЕХНОЛОДЖІ»,33350834
ТОВАРИСТВО З ОБМЕЖЕНОЮ ВІДПОВІДАЛЬНІСТЮ «ЕСТЕ-ЛАЙН КІДЗ»,42305181
ТОВАРИСТВО З ОБМЕЖЕНОЮ ВІДПОВІДАЛЬНІСТЮ «УКРБУД-ДИЗАЙН»,39037677
ТОВАРИСТВО З ОБМЕЖЕНОЮ ВІДПОВІДАЛЬНІСТЮ «НАВЧАЛЬНИЙ ЦЕНТР «НАВІГАТОР»,38946755
"ПРИВАТНА ОРГАНІЗАЦІЯ (УСТАНОВА, ЗАКЛАД) ПРИВАТНИЙ ЗАКЛАД «ЗАКЛАД ДОШКІЛЬНОЇ ОСВІТИ «БЕБІ ХАУЗ»",43501111
АКЦІОНЕРНЕ ТОВАРИСТВО «ЗАВОД «КУЗНЯ НА РИБАЛЬСЬКОМУ»,14312364
ТОВАРИСТВО З ОБМЕЖЕНОЮ ВІДПОВІДАЛЬНІСТЮ «РЕНТСФЕРА»,41292217
ТОВАРИСТВО З ОБМЕЖЕНОЮ ВІДПОВІДАЛЬНІСТЮ «МЕДИЧНИЙ ЦЕНТР «КОЛІБРІ»,43457466
ТОВАРИСТВО З ОБМЕЖЕНОЮ ВІДПОВІДАЛЬНІСТЮ «ДЕВЕЛОПЕРСЬКА КОМПАНІЯ АРЦ»,37035552
ТОВАРИСТВО З ОБМЕЖЕНОЮ ВІДПОВІДАЛЬНІСТЮ «КАВОВИЙ ДІМ «ЛОНДОН»,38670583
ТОВАРИСТВО З ОБМЕЖЕНОЮ ВІДПОВІДАЛЬНІСТЮ «СПОРТ ОРЕНДА-6»,43502309
ТОВАРИСТВО З ОБМЕЖЕНОЮ ВІДПОВІДАЛЬНІСТЮ «ФІТНЕС ЗДОРОВ'Я»,38799981
ТОВАРИСТВО З ОБМЕЖЕНОЮ ВІДПОВІДАЛЬНІСТЮ «ПЕРВІНКО»,40324174
ТОВАРИСТВО З ОБМЕЖЕНОЮ ВІДПОВІДАЛЬНІСТЮ «ЛАН-УКРАЇНА»,30384724
ТОВАРИСТВО З ОБМЕЖЕНОЮ ВІДПОВІДАЛЬНІСТЮ «ВЮРТ-УКРАЇНА»,20010785
ТОВАРИСТВО З ОБМЕЖЕНОЮ ВІДПОВІДАЛЬНІСТЮ «МІРУМ»,43604989
АКЦІОНЕРНЕ ТОВАРИСТВО «АГРОФІРМА «ТЕПЛИЦІ УКРАЇНИ»,3359730
ТОВАРИСТВО З ОБМЕЖЕНОЮ ВІДПОВІДАЛЬНІСТЮ «ІНВЕСТКЕПІТАЛ»,41450406
ТОВАРИСТВО З ОБМЕЖЕНОЮ ВІДПОВІДАЛЬНІСТЮ «МАРКЕТИНГ КОМПАНІ»,42244060
ДОЧІРНЄ ПІДПРИЄМСТВО «ГОРИЗОНТ ПАРК»,42260998
ТОВАРИСТВО З ОБМЕЖЕНОЮ ВІДПОВІДАЛЬНІСТЮ «ГОЛЕКС»,39711390
ТОВАРИСТВО З ОБМЕЖЕНОЮ ВІДПОВІДАЛЬНІСТЮ «НЬЮ ЙОРКЕР УКРАЇНА»,36047834
ТОВАРИСТВО З ОБМЕЖЕНОЮ ВІДПОВІДАЛЬНІСТЮ «СТАТУС БУД-ПРАЙМ»,40512094
ОСББ «ЖК КАРАВАЄВІ ДАЧІ»,44217043
ТОВАРИСТВО З ОБМЕЖЕНОЮ ВІДПОВІДАЛЬНІСТЮ «ВАЙН ХАНТЕРС»,42820301
ТОВАРИСТВО З ОБМЕЖЕНОЮ ВІДПОВІДАЛЬНІСТЮ «НРП»,36469918
ТОВАРИСТВО З ОБМЕЖЕНОЮ ВІДПОВІДАЛЬНІСТЮ «КАПИТАЛ»,32381903
ТОВАРИСТВО З ОБМЕЖЕНОЮ ВІДПОВІДАЛЬНІСТЮ «ПОЛІРІТМ»,40929325
ТОВАРИСТВО З ОБМЕЖЕНОЮ ВІДПОВІДАЛЬНІСТЮ «КООПЕРАТИВ МАЙНД»,43041988
ТОВАРИСТВО З ОБМЕЖЕНОЮ ВІДПОВІДАЛЬНІСТЮ «СОФТКАР»,38649017
ТОВАРИСТВО З ОБМЕЖЕНОЮ ВІДПОВІДАЛЬНІСТЮ «АКСІМЕД ПЛЮС»,37652720
ТОВАРИСТВО З ОБМЕЖЕНОЮ ВІДПОВІДАЛЬНІСТЮ «РА ДЕВ'ЯТА ПЛАНЕТА»,43390433
ТОВАРИСТВО З ОБМЕЖЕНОЮ ВІДПОВІДАЛЬНІСТЮ «УКР ФАРМ»,37625718
ТОВАРИСТВО З ОБМЕЖЕНОЮ ВІДПОВІДАЛЬНІСТЮ «ГОЛД СІТІ ПЛЮС»,43619712
КОМУНАЛЬНЕ ПІДПРИЄМСТВО «ФАРМАЦІЯ»,5415852
ТОВАРИСТВО З ОБМЕЖЕНОЮ ВІДПОВІДАЛЬНІСТЮ «РУНА»,31867494
ТОВАРИСТВО З ОБМЕЖЕНОЮ ВІДПОВІДАЛЬНІСТЮ «МЕДИЧНИЙ ЦЕНТР «ДОБРОБУТ-СТАЦІОНАР»,38806904
ТОВАРИСТВО З ОБМЕЖЕНОЮ ВІДПОВІДАЛЬНІСТЮ «ДЖОТТО-ФУД»,43401612
ТОВАРИСТВО З ОБМЕЖЕНОЮ ВІДПОВІДАЛЬНІСТЮ «УАНПРАЙС ЛОГІСТИК»,43731490
ТОВАРИСТВО З ОБМЕЖЕНОЮ ВІДПОВІДАЛЬНІСТЮ «ГУДФУДВЕЙ»,43392933
ТОВАРИСТВО З ОБМЕЖЕНОЮ ВІДПОВІДАЛЬНІСТЮ «ЕЛПІ ГРУП»,41603559
ТОВАРИСТВО З ОБМЕЖЕНОЮ ВІДПОВІДАЛЬНІСТЮ «КАДЬ»,43279234
ТОВАРИСТВО З ОБМЕЖЕНОЮ ВІДПОВІДАЛЬНІСТЮ «ТРЕЙД ІНВЕСТ ЛТД»,34183924
ТОВАРИСТВО З ОБМЕЖЕНОЮ ВІДПОВІДАЛЬНІСТЮ «АВТОКРЕДИТ ПЛЮС»,34410930
ТОВАРИСТВО З ОБМЕЖЕНОЮ ВІДПОВІДАЛЬНІСТЮ «РУСАНІВКА ІНВЕСТ»,41613855
ТОВАРИСТВО З ОБМЕЖЕНОЮ ВІДПОВІДАЛЬНІСТЮ «КИЙМЕДІКАЛ»,43236496
ТОВАРИСТВО З ОБМЕЖЕНОЮ ВІДПОВІДАЛЬНІСТЮ «ДЖОРНО ДЕНТАЛЕ ЛІВОБЕРЕЖНА»,43556699
ТОВАРИСТВО З ОБМЕЖЕНОЮ ВІДПОВІДАЛЬНІСТЮ «ТОРГОВИЙ ДІМ «АВАНТА»,35495114
ПУБЛІЧНЕ АКЦІОНЕРНЕ ТОВАРИСТВО «КОМЕРЦІЙНИЙ БАНК «АКОРДБАНК»,35960913
ТОВАРИСТВО З ОБМЕЖЕНОЮ ВІДПОВІДАЛЬНІСТЮ «ІДЕАЛ СТАР БУД»,41203420
АКЦІОНЕРНЕ ТОВАРИСТВО «СТРАХОВА КОМПАНІЯ «УЛЬТРА АЛЬЯНС»,33152597
ТОВАРИСТВО З ОБМЕЖЕНОЮ ВІДПОВІДАЛЬНІСТЮ «АЛЬЯНС-ЕКОПРОЕКТ»,32554344
ТОВАРИСТВО З ОБМЕЖЕНОЮ ВІДПОВІДАЛЬНІСТЮ «СПОРТ ЛАЙФ КИЇВ-2»,39847805
ПРИВАТНЕ ПІДПРИЄМСТВО НАУКОВО-ВИРОБНИЧЕ ПРИВАТНЕ ПІДПРИЄМСТВО «АНЄГ»,24935043
ТОВАРИСТВО З ОБМЕЖЕНОЮ ВІДПОВІДАЛЬНІСТЮ «ПРЕМІУМ ФІНАНС»,39727881
ТОВАРИСТВО З ОБМЕЖЕНОЮ ВІДПОВІДАЛЬНІСТЮ «АЛЛОРІ»,40256780
ТОВАРИСТВО З ОБМЕЖЕНОЮ ВІДПОВІДАЛЬНІСТЮ «КАВ'ЯРНЯ»,35849128
ТОВАРИСТВО З ОБМЕЖЕНОЮ ВІДПОВІДАЛЬНІСТЮ «ВІН Б-52»,43096424
АДВОКАТСЬКЕ ОБ'ЄДНАННЯ «ЕКСПАТПРО»,42270435
ТОВАРИСТВО З ОБМЕЖЕНОЮ ВІДПОВІДАЛЬНІСТЮ «ГЛЕДФАРМ ЛТД»,20075891
ТОВАРИСТВО З ОБМЕЖЕНОЮ ВІДПОВІДАЛЬНІСТЮ «ФІРМОВА МЕРЕЖА «КИЇВХЛІБ»,40758305
ТОВАРИСТВО З ОБМЕЖЕНОЮ ВІДПОВІДАЛЬНІСТЮ «СПЕЦЗНАК»,36214472
АКЦІОНЕРНЕ ТОВАРИСТВО «СТРАХОВА КОМПАНІЯ «УНІКА»,20033533
ТОВАРИСТВО З ОБМЕЖЕНОЮ ВІДПОВІДАЛЬНІСТЮ «ГАРМОНІЯ КРАСИ»,38611580
ТОВАРИСТВО З ОБМЕЖЕНОЮ ВІДПОВІДАЛЬНІСТЮ «ТАС-ФАРМА»,16280214
ТОВАРИСТВО З ОБМЕЖЕНОЮ ВІДПОВІДАЛЬНІСТЮ «АЛЬЯНС НОВОБУД»,35326295
ТОВАРИСТВО З ОБМЕЖЕНОЮ ВІДПОВІДАЛЬНІСТЮ «ВУДСТОК ТЕХНОЛОДЖИ»,43893014
ТОВАРИСТВО З ОБМЕЖЕНОЮ ВІДПОВІДАЛЬНІСТЮ «ТОРІ ГРУПП»,38654184
ТОВАРИСТВО З ОБМЕЖЕНОЮ ВІДПОВІДАЛЬНІСТЮ «ЧЕРВОНОЗОРЯНЕ»,36519256
ТОВАРИСТВО З ОБМЕЖЕНОЮ ВІДПОВІДАЛЬНІСТЮ «СТАБ БМ»,41988821
ПРИВАТНЕ ПІДПРИЄМСТВО «ПЕРША СОЦІАЛЬНА МЕДИЧНА ЛАБОРАТОРІЯ «ЕСКУЛАБ»,36544827
ТОВАРИСТВО З ОБМЕЖЕНОЮ ВІДПОВІДАЛЬНІСТЮ «ЦЕППЕЛІН УКРАЇНА ТОВ»,30178004
ТОВАРИСТВО З ОБМЕЖЕНОЮ ВІДПОВІДАЛЬНІСТЮ «ЛЕНДСТАЙЛ»,40230322
ТОВАРИСТВО З ОБМЕЖЕНОЮ ВІДПОВІДАЛЬНІСТЮ «ФУД ПРОЕКТ»,43418516
ТОВАРИСТВО З ОБМЕЖЕНОЮ ВІДПОВІДАЛЬНІСТЮ «М-24»,42761828
ТОВАРИСТВО З ОБМЕЖЕНОЮ ВІДПОВІДАЛЬНІСТЮ «ТОРГОВИЙ ДІМ «ФЛАГМАН»,36309364
ТОВАРИСТВО З ОБМЕЖЕНОЮ ВІДПОВІДАЛЬНІСТЮ «ХОЛЬЦ РІТЕЙЛ ГРУП УКРАЇНА»,43590437
ТОВАРИСТВО З ОБМЕЖЕНОЮ ВІДПОВІДАЛЬНІСТЮ «ДЖАЗ ДЕНТ КЛУБ»,42844982
ТОВАРИСТВО З ОБМЕЖЕНОЮ ВІДПОВІДАЛЬНІСТЮ «ФІТ-ГРУПП»,39860061
ТОВАРИСТВО З ОБМЕЖЕНОЮ ВІДПОВІДАЛЬНІСТЮ «ТОТУЧАНОВ»,43318192
ТОВАРИСТВО З ОБМЕЖЕНОЮ ВІДПОВІДАЛЬНІСТЮ «ЛЕМОР»,41597231
ТОВАРИСТВО З ОБМЕЖЕНОЮ ВІДПОВІДАЛЬНІСТЮ «РЕФЕРТА»,37447921
ТОВАРИСТВО З ОБМЕЖЕНОЮ ВІДПОВІДАЛЬНІСТЮ «МАРТІН»,19257144
ТОВАРИСТВО З ОБМЕЖЕНОЮ ВІДПОВІДАЛЬНІСТЮ «ВАНБУД»,25405583
ПІДПРИЄМСТВО З ІНОЗЕМНИМИ ІНВЕСТИЦІЯМИ «ТОЙОТА-УКРАЇНА»,32589471
ТОВАРИСТВО З ОБМЕЖЕНОЮ ВІДПОВІДАЛЬНІСТЮ «ДОКЕР ІМПЕКС»,40863254
АКЦІОНЕРНЕ ТОВАРИСТВО «ЗАКРИТИЙ НЕДИВЕРСИФІКОВАНИЙ ВЕНЧУРНИЙ КОРПОРАТИВНИЙ ІНВЕСТИЦІЙНИЙ ФОНД «ЛОУДСТАР»,41788990
ТОВАРИСТВО З ОБМЕЖЕНОЮ ВІДПОВІДАЛЬНІСТЮ «ДОКТОР ОКСФОРД»,43309122
ТОВАРИСТВО З ОБМЕЖЕНОЮ ВІДПОВІДАЛЬНІСТЮ «ПЕЧЕРСЬКИЙ РИНОК»,1527732
ТОВАРИСТВО З ОБМЕЖЕНОЮ ВІДПОВІДАЛЬНІСТЮ «ШКОЛА АКТИВНОЇ ДИТИНИ КАМПУС»,43305589
ТОВАРИСТВО З ОБМЕЖЕНОЮ ВІДПОВІДАЛЬНІСТЮ «АДЕПОВНЕ ТОВАРИСТВО АМАСА»,35017641
АДВОКАТСЬКЕ ОБ'ЄДНАННЯ «А. ДВА.КА. Т»,37961992
ТОВАРИСТВО З ОБМЕЖЕНОЮ ВІДПОВІДАЛЬНІСТЮ «УКРМЕДІАІНВЕСТ»,43177513
ТОВАРИСТВО З ОБМЕЖЕНОЮ ВІДПОВІДАЛЬНІСТЮ «АТАКА ПРОФІ»,36825050
ТОВАРИСТВО З ОБМЕЖЕНОЮ ВІДПОВІДАЛЬНІСТЮ «ГОУ УРБАН»,43401429
ТОВАРИСТВО З ОБМЕЖЕНОЮ ВІДПОВІДАЛЬНІСТЮ «ЦАРСЬКИЙ ПАРК»,43188462
ТОВАРИСТВО З ОБМЕЖЕНОЮ ВІДПОВІДАЛЬНІСТЮ «КЛОВСЬКІ ТРАДИЦІЇ»,43428000
ТОВАРИСТВО З ОБМЕЖЕНОЮ ВІДПОВІДАЛЬНІСТЮ «ЛАКІ ДЕНТ»,43504772
ТОВАРИСТВО З ОБМЕЖЕНОЮ ВІДПОВІДАЛЬНІСТЮ «АМАДЕО»,39435939
ТОВАРИСТВО З ОБМЕЖЕНОЮ ВІДПОВІДАЛЬНІСТЮ «ЕЛІТ-УКРАЇНА»,20454393
ТОВАРИСТВО З ОБМЕЖЕНОЮ ВІДПОВІДАЛЬНІСТЮ «РЕД ЮКРЕЙН»,37026988
ТОВАРИСТВО З ОБМЕЖЕНОЮ ВІДПОВІДАЛЬНІСТЮ «АУТДОР ЕКСПЕРТ УКРАЇНА»,42959537
ТОВАРИСТВО З ОБМЕЖЕНОЮ ВІДПОВІДАЛЬНІСТЮ «ДРАКОН 8899»,42843994
ДП «УКРАЇНСЬКИЙ ДЕРЖАВНИЙ ЦЕНТР РАДІОЧАСТОТ»,1181765
ТОВАРИСТВО З ОБМЕЖЕНОЮ ВІДПОВІДАЛЬНІСТЮ «ОПТИКА МКЛ»,43492584
АКЦІОНЕРНЕ ТОВАРИСТВО «ХОЛДИНГОВА КОМПАНІЯ «КИЇВМІСЬКБУД»,23527052
ТОВАРИСТВО З ОБМЕЖЕНОЮ ВІДПОВІДАЛЬНІСТЮ «СПОРТ ОРЕНДА-2»,39848018
ТОВАРИСТВО З ОБМЕЖЕНОЮ ВІДПОВІДАЛЬНІСТЮ «СКАЙ КЛІНІК ЮА»,43482094
ПРИВАТНЕ ПІДПРИЄМСТВО «ДОБРО КВАНТУМ»,43052282
ТОВАРИСТВО З ОБМЕЖЕНОЮ ВІДПОВІДАЛЬНІСТЮ «БІЗНЕС СІТІ МЕНЕДЖМЕНТ»,35286792
ТОВАРИСТВО З ОБМЕЖЕНОЮ ВІДПОВІДАЛЬНІСТЮ «ВЛАДІКОМ»,30437105
ТОВАРИСТВО З ОБМЕЖЕНОЮ ВІДПОВІДАЛЬНІСТЮ «ПЕРСПЕКТИВА-БУД»,36184045
ТОВАРИСТВО З ОБМЕЖЕНОЮ ВІДПОВІДАЛЬНІСТЮ «КЛІНІКА САНТЕ»,40811981
ТОВАРИСТВО З ОБМЕЖЕНОЮ ВІДПОВІДАЛЬНІСТЮ «ЕЙЧ ЕНД ЕМ ХЕННЕС ЕНД МАУРІЦ»,39019003
ТОВАРИСТВО З ОБМЕЖЕНОЮ ВІДПОВІДАЛЬНІСТЮ ПІДПРИЄМСТВО З ІНОЗЕМНИМИ ІНВЕСТИЦІЯМИ ЗА УЧАСТЮ УКРАЇНСЬКОГО КАПІТАЛУ «ФІРМА «НАДІЯ»,14356456
ТОВАРИСТВО З ОБМЕЖЕНОЮ ВІДПОВІДАЛЬНІСТЮ «ЕКСПРЕСТРЕЙД ЛТД»,43585406
ТОВАРИСТВО З ОБМЕЖЕНОЮ ВІДПОВІДАЛЬНІСТЮ «ПРЕМІУМ ІНДАСТРІ ГРУП»,36965032
ТОВАРИСТВО З ОБМЕЖЕНОЮ ВІДПОВІДАЛЬНІСТЮ «ФАСАД»,32628761
ПОВНЕ ТОВАРИСТВО «ЛОМБАРД ПАРУС» ТОВАРИСТВО З ОБМЕЖЕНОЮ ВІДПОВІДАЛЬНІСТЮ «ГЛОБАЛ ФРАНЧАЙЗІНГ» І КОМПАНІЯ»,39451311
ТОВАРИСТВО З ОБМЕЖЕНОЮ ВІДПОВІДАЛЬНІСТЮ «ВКУСНЯР»,42041196
ТОВАРИСТВО З ОБМЕЖЕНОЮ ВІДПОВІДАЛЬНІСТЮ «ССЕС-УКРАЇНА»,38455294
ТОВАРИСТВО З ОБМЕЖЕНОЮ ВІДПОВІДАЛЬНІСТЮ «АМАРКОРД-АЛЕКС»,22949271
ПРИВАТНА КОМПАНІЯ З ОБМЕЖЕНОЮ ВІДПОВІДАЛЬНІСТЮ «ХЕДЖСТОУН ДЕВЕЛОПМЕНТ ЛТД»,34981382
ТОВАРИСТВО З ОБМЕЖЕНОЮ ВІДПОВІДАЛЬНІСТЮ «МОНОТЕЛЬ МАЙДАН,43493843
ТОВАРИСТВО З ОБМЕЖЕНОЮ ВІДПОВІДАЛЬНІСТЮ «ФУД ТРЕЙДИНГ»,43402312
ТОВАРИСТВО З ОБМЕЖЕНОЮ ВІДПОВІДАЛЬНІСТЮ «РЄАЛМАТРІКС»,43255329
ТОВАРИСТВО З ОБМЕЖЕНОЮ ВІДПОВІДАЛЬНІСТЮ «АРСЕНАЛЬНИЙ КВАРТАЛ»,43243004
ТОВАРИСТВО З ОБМЕЖЕНОЮ ВІДПОВІДАЛЬНІСТЮ «МХП-РІТЕЙЛ»,44132835
ТОВАРИСТВО З ОБМЕЖЕНОЮ ВІДПОВІДАЛЬНІСТЮ «РЕКЛЕН ДІДЖИТАЛ»,42205717
ТОВАРИСТВО З ОБМЕЖЕНОЮ ВІДПОВІДАЛЬНІСТЮ «ДРІМ ДЕНТ»,43833070
ТОВАРИСТВО З ОБМЕЖЕНОЮ ВІДПОВІДАЛЬНІСТЮ «БРОК БІЗНЕС КОМПАНІ»,39297635
ТОВАРИСТВО З ОБМЕЖЕНОЮ ВІДПОВІДАЛЬНІСТЮ «ЛЮКС-А32»,38791998
ТОВАРИСТВО З ОБМЕЖЕНОЮ ВІДПОВІДАЛЬНІСТЮ «УКРБУД СПЕЦМОНТАЖ»,39942058
ТОВАРИСТВО З ОБМЕЖЕНОЮ ВІДПОВІДАЛЬНІСТЮ «ПОЧАЙНА ЦЕНТР»,24727801
ТОВАРИСТВО З ОБМЕЖЕНОЮ ВІДПОВІДАЛЬНІСТЮ «ДІЛОР КОНСАЛТИНГ ЮКРЕЙН»,38241204
ТОВАРИСТВО З ОБМЕЖЕНОЮ ВІДПОВІДАЛЬНІСТЮ «ШОПФІТ ГРУП»,42810309
ТОВАРИСТВО З ОБМЕЖЕНОЮ ВІДПОВІДАЛЬНІСТЮ «НЬЮ ГЕДОНІСТ БАР»,43726501
ТОВАРИСТВО З ОБМЕЖЕНОЮ ВІДПОВІДАЛЬНІСТЮ «ФАСАД»,31283206
ТОВАРИСТВО З ОБМЕЖЕНОЮ ВІДПОВІДАЛЬНІСТЮ «КЕРАМО ДЕНТАЛ»,40171424
ТОВАРИСТВО З ОБМЕЖЕНОЮ ВІДПОВІДАЛЬНІСТЮ «ШВИДКОТОРГ,41743059
ТОВАРИСТВО З ОБМЕЖЕНОЮ ВІДПОВІДАЛЬНІСТЮ «БРОЛОГІСТИК»,43199233
ТОВАРИСТВО З ОБМЕЖЕНОЮ ВІДПОВІДАЛЬНІСТЮ «СІЕМЕС КАМЕРОН МАККЕННА ЕЛЕЛСІ»,35209367
ТОВАРИСТВО З ОБМЕЖЕНОЮ ВІДПОВІДАЛЬНІСТЮ «СМАЧНА МЕРЕЖА»,42437894
ТОВАРИСТВО З ОБМЕЖЕНОЮ ВІДПОВІДАЛЬНІСТЮ «ПАВУТИНА. НЕТ»,35076618
ТОВАРИСТВО З ОБМЕЖЕНОЮ ВІДПОВІДАЛЬНІСТЮ «ТАС КОМФОРТ»,34619544
ТОВАРИСТВО З ОБМЕЖЕНОЮ ВІДПОВІДАЛЬНІСТЮ «ЕСКАРО КОЛОР»,37136212
ТОВАРИСТВО З ОБМЕЖЕНОЮ ВІДПОВІДАЛЬНІСТЮ НАУКОВО-ВИРОБНИЧИЙ ЦЕНТР «ЄВРОДІМ»,30220130
ТОВАРИСТВО З ОБМЕЖЕНОЮ ВІДПОВІДАЛЬНІСТЮ «ЕНЕРГОТЕХ МЕНЕДЖМЕНТ»,44212988
ТОВАРИСТВО З ОБМЕЖЕНОЮ ВІДПОВІДАЛЬНІСТЮ «КЛІНІКА ІННОВАЦІЙНИХ ТЕХНОЛОГІЙ»,43971322
ТОВАРИСТВО З ОБМЕЖЕНОЮ ВІДПОВІДАЛЬНІСТЮ «САКСАЙ»,38883067
ТОВАРИСТВО З ОБМЕЖЕНОЮ ВІДПОВІДАЛЬНІСТЮ «НОБІЛЬ ГРУП»,43689659
ТОВАРИСТВО З ОБМЕЖЕНОЮ ВІДПОВІДАЛЬНІСТЮ «ДЕНТАЛВУД»,43462429
ТОВАРИСТВО З ОБМЕЖЕНОЮ ВІДПОВІДАЛЬНІСТЮ «ЕКОТРЕЙД 21»,44415170
ТОВАРИСТВО З ОБМЕЖЕНОЮ ВІДПОВІДАЛЬНІСТЮ «БІЗНЕС-МОНОЛІТ»,43274755
ТОВАРИСТВО З ОБМЕЖЕНОЮ ВІДПОВІДАЛЬНІСТЮ «МОНТЕНЬ»,39442532
ТОВАРИСТВО З ОБМЕЖЕНОЮ ВІДПОВІДАЛЬНІСТЮ «КЕНДІ КЕТ ЮА»,44887504
ТОВАРИСТВО З ОБМЕЖЕНОЮ ВІДПОВІДАЛЬНІСТЮ «МЕДИЧНИЙ МАГАЗИН»,40398969
ТОВАРИСТВО З ОБМЕЖЕНОЮ ВІДПОВІДАЛЬНІСТЮ «ЧАНТА БЕЙКЕРІ»,43862122
ТОВАРИСТВО З ОБМЕЖЕНОЮ ВІДПОВІДАЛЬНІСТЮ «ІННУША»,43707143
ТОВАРИСТВО З ОБМЕЖЕНОЮ ВІДПОВІДАЛЬНІСТЮ «БОА»,43400006
КП «ЖИТЛОІНВЕСТБУД-УКБ»,31958324
ТОВАРИСТВО З ОБМЕЖЕНОЮ ВІДПОВІДАЛЬНІСТЮ «АКЦЕПОВНЕ ТОВАРИСТВО ПЛЮС»,33170616
ТОВАРИСТВО З ОБМЕЖЕНОЮ ВІДПОВІДАЛЬНІСТЮ «СВІЙ СКЛАД»,39397349
ПРИВАТНЕ АКЦІОНЕРНЕ ТОВАРИСТВО «КИЇВСЬКИЙ ЗАВОД ЕКСПЕРИМЕНТАЛЬНИХ КОНСТРУКЦІЙ»,109339
ПРИВАТНЕ АКЦІОНЕРНЕ ТОВАРИСТВО «ЕКСІМЕД»,23382040
ПРИВАТНИЙ ЗАГАЛЬНООСВІТНІЙ НАВЧАЛЬНИЙ ЗАКЛАД «ШКОЛА ІНВЕНТОР СКУЛ»,41442903
ТОВАРИСТВО З ОБМЕЖЕНОЮ ВІДПОВІДАЛЬНІСТЮ «ОПТОСАН»,38438200
ТОВАРИСТВО З ОБМЕЖЕНОЮ ВІДПОВІДАЛЬНІСТЮ «ПЕРЕМОГА СЕРВІСИЗ»,45029795
ТОВАРИСТВО З ОБМЕЖЕНОЮ ВІДПОВІДАЛЬНІСТЮ «ОМЕГА МЕНЕДЖМЕНТ»,34765849
ДЕРЖАВНЕ НАУКОВО-ВИРОБНИЧЕ ПІДПРИЄМСТВО «КАРТОГРАФІЯ»,2570463
ТОВАРИСТВО З ОБМЕЖЕНОЮ ВІДПОВІДАЛЬНІСТЮ «САЗАНДАРІ»,44556004
ТОВАРИСТВО З ОБМЕЖЕНОЮ ВІДПОВІДАЛЬНІСТЮ «ФІРМА СПЕЦ-ТРЕЙДІНГ»,39081695
ТОВАРИСТВО З ОБМЕЖЕНОЮ ВІДПОВІДАЛЬНІСТЮ «РЕД ПРОПЕРТІ»,45309187
ТОВАРИСТВО З ОБМЕЖЕНОЮ ВІДПОВІДАЛЬНІСТЮ «УКРІНСТАЛ»,36174765
ТОВАРИСТВО З ОБМЕЖЕНОЮ ВІДПОВІДАЛЬНІСТЮ «АГЕНТСТВО НЕРУХОМОСТІ «БЛАГОВІСТ» СТАРОКИЇВСЬКЕ»,38003521
АКЦІОНЕРНЕ ТОВАРИСТВО «КИЇВПРОЕКТ»,4012780
АКЦІОНЕРНЕ ТОВАРИСТВО «ЕНРАН»,1198760
ТОВАРИСТВО З ОБМЕЖЕНОЮ ВІДПОВІДАЛЬНІСТЮ «ШКОЛА АКТИВНОЇ ДИТИНИ ГОЛОСІЄВО»,43391710
ТОВАРИСТВО З ОБМЕЖЕНОЮ ВІДПОВІДАЛЬНІСТЮ «МАЯК-1»,40464774
ТОВАРИСТВО З ОБМЕЖЕНОЮ ВІДПОВІДАЛЬНІСТЮ «БІОНОРИКА»,36301643
ТОВАРИСТВО З ОБМЕЖЕНОЮ ВІДПОВІДАЛЬНІСТЮ «СПОРТИВНО-ОЗДОРОВЧИЙ КОМПЛЕКС «МОНІТОР»,30437959
ТОВАРИСТВО З ОБМЕЖЕНОЮ ВІДПОВІДАЛЬНІСТЮ «ЕТАЛОН ОІЛ ТРЕЙД»,44143747
ТОВАРИСТВО З ОБМЕЖЕНОЮ ВІДПОВІДАЛЬНІСТЮ «ПРИЗМА-13» ЛТД З ІНОЗЕМНИМИ ІНВЕСТИЦІЯМИ,21649087
ТОВАРИСТВО З ОБМЕЖЕНОЮ ВІДПОВІДАЛЬНІСТЮ «БАУПРО»,42367120
"ПОВНЕ ТОВАРИСТВО «АЙ ТІ» ЗА УЧАСТЮ ТОВАРИСТВО З ОБМЕЖЕНОЮ ВІДПОВІДАЛЬНІСТЮ «ДЕЙТ ТРЕЙД», ТОВАРИСТВО З ОБМЕЖЕНОЮ ВІДПОВІДАЛЬНІСТЮ «СІТІ ТРЕЙД КОМПАНІ»",40104950
ТОВАРИСТВО З ОБМЕЖЕНОЮ ВІДПОВІДАЛЬНІСТЮ «НОВОМАРК»,43868061
ТОВАРИСТВО З ОБМЕЖЕНОЮ ВІДПОВІДАЛЬНІСТЮ «ГРІН БАР»,44239685
ТОВАРИСТВО З ОБМЕЖЕНОЮ ВІДПОВІДАЛЬНІСТЮ «ДЖОЯ»,32308514
ТОВАРИСТВО З ОБМЕЖЕНОЮ ВІДПОВІДАЛЬНІСТЮ «КИЇВ АВТО СПА»,44210692
ТОВАРИСТВО З ОБМЕЖЕНОЮ ВІДПОВІДАЛЬНІСТЮ «БРЕНД.»,35944891
ТОВАРИСТВО З ОБМЕЖЕНОЮ ВІДПОВІДАЛЬНІСТЮ «ВІПЛЕЙ НЬЮМЕДІА»,42394620
ТОВАРИСТВО З ОБМЕЖЕНОЮ ВІДПОВІДАЛЬНІСТЮ «КРОНАС-ТРЕЙД»,40968046
ТОВАРИСТВО З ОБМЕЖЕНОЮ ВІДПОВІДАЛЬНІСТЮ «ТРЦ РЕСПУБЛІКА»,43227024
ТОВАРИСТВО З ОБМЕЖЕНОЮ ВІДПОВІДАЛЬНІСТЮ «КОЛУМБ АВТО»,44607870
ТОВАРИСТВО З ОБМЕЖЕНОЮ ВІДПОВІДАЛЬНІСТЮ «ФІТНЕС КЛУБ АЛЬПІЙСЬКИЙ»,37441668
ТОВАРИСТВО З ОБМЕЖЕНОЮ ВІДПОВІДАЛЬНІСТЮ «КРАНЕН»,43928701
ТОВАРИСТВО З ОБМЕЖЕНОЮ ВІДПОВІДАЛЬНІСТЮ «ГАРМОНІЯ ЗДОРОВ'Я»,36823797
ТОВАРИСТВО З ОБМЕЖЕНОЮ ВІДПОВІДАЛЬНІСТЮ «ІНДИВІДУАЛЬНІ РЕКЛАМНІ ТЕХНОЛОГІЇ»,43023597
ТОВАРИСТВО З ОБМЕЖЕНОЮ ВІДПОВІДАЛЬНІСТЮ «ФАСОЛЬ»,41028986
ТОВАРИСТВО З ОБМЕЖЕНОЮ ВІДПОВІДАЛЬНІСТЮ «АТЛАНТІС ЛЮКС»,34861579
ТОВАРИСТВО З ОБМЕЖЕНОЮ ВІДПОВІДАЛЬНІСТЮ «БЛИЗНЮКИ КАМІКАДЗЕ»,39925097
ТОВАРИСТВО З ОБМЕЖЕНОЮ ВІДПОВІДАЛЬНІСТЮ «МЕД ЛАЙФ»,30114370
ТОВАРИСТВО З ОБМЕЖЕНОЮ ВІДПОВІДАЛЬНІСТЮ «ХОЛДІНГ - СЕРВІС»,24100717
КОМУНАЛЬНЕ НЕКОМЕРЦІЙНЕ ПІДПРИЄМСТВО «КОНСУЛЬТАТИВНО-ДІАГНОСТИЧНИЙ ЦЕНТР ДИТЯЧИЙ ДНІПРОВСЬКОГО РАЙОНУ М. КИЄВА»,2125763
ТОВАРИСТВО З ОБМЕЖЕНОЮ ВІДПОВІДАЛЬНІСТЮ «КЕЙКЛАБ УКРАЇНА»,43694784
ТОВАРИСТВО З ОБМЕЖЕНОЮ ВІДПОВІДАЛЬНІСТЮ «ТАБАТА»,41097541
ТОВАРИСТВО З ОБМЕЖЕНОЮ ВІДПОВІДАЛЬНІСТЮ «ФУДМЕЙКЕР»,34993492
ТОВАРИСТВО З ОБМЕЖЕНОЮ ВІДПОВІДАЛЬНІСТЮ «ОРТОТЕКА»,41910252
ТОВАРИСТВО З ОБМЕЖЕНОЮ ВІДПОВІДАЛЬНІСТЮ «АДОНІС-ЛАБ»,43807137
ТОВАРИСТВО З ОБМЕЖЕНОЮ ВІДПОВІДАЛЬНІСТЮ «ГУТА - СКЛО»,30520292
ТОВАРИСТВО З ОБМЕЖЕНОЮ ВІДПОВІДАЛЬНІСТЮ «ДЖАК УКРАЇНА»,38392679
ТОВАРИСТВО З ОБМЕЖЕНОЮ ВІДПОВІДАЛЬНІСТЮ «ЛЮКСОФТ-УКРАЇНА»,35076911
ТОВАРИСТВО З ОБМЕЖЕНОЮ ВІДПОВІДАЛЬНІСТЮ «МЕГАПОЛІСЖИТЛОБУД»,34615529
ТДВ «СТРАХОВА КОМПАНІЯ «ГАРДІАН»,35417298
ПРЕДСТАВНИЦТВО «БОВА-ЕЛЕКТРОНІК ГМБХ & КО.КГ»,26620639
ТОВАРИСТВО З ОБМЕЖЕНОЮ ВІДПОВІДАЛЬНІСТЮ «КИЙ АВТО ГРУП»,41930408
ТОВАРИСТВО З ОБМЕЖЕНОЮ ВІДПОВІДАЛЬНІСТЮ «ЛІКО-ШКОЛА»,39144047
АКЦІОНЕРНЕ ТОВАРИСТВО «ЗАВОД БУДІВЕЛЬНИХ ВИРОБІВ - 1»,21517799
АКЦІОНЕРНЕ ТОВАРИСТВО «БАНК СІЧ»,37716841
ТОВАРИСТВО З ОБМЕЖЕНОЮ ВІДПОВІДАЛЬНІСТЮ «КИЇВСЬКИЙ КАНАДСЬКО-УКРАЇНСЬКИЙ ЛІЦЕЙ»,44162424
ТОВАРИСТВО З ОБМЕЖЕНОЮ ВІДПОВІДАЛЬНІСТЮ «ВІТА МЕДІКАЛ ДІАГНОСТИК»,42686442
ТОВАРИСТВО З ОБМЕЖЕНОЮ ВІДПОВІДАЛЬНІСТЮ «ВОНГО ТРЕЙДІНГ»,44351594
ТОВАРИСТВО З ОБМЕЖЕНОЮ ВІДПОВІДАЛЬНІСТЮ «ТС СВІТОНДЕЙЛ»,32046030
ПРИВАТНЕ ПІДПРИЄМСТВО «НАУКОВО-ВИРОБНИЧА ФІРМА «VD MAIS»,21558350
ТОВАРИСТВО З ОБМЕЖЕНОЮ ВІДПОВІДАЛЬНІСТЮ «ФО-ШОП»,43901907
ТОВАРИСТВО З ОБМЕЖЕНОЮ ВІДПОВІДАЛЬНІСТЮ «ФАРБА СЕРВІС УКРАЇНА»,43907676
ТОВАРИСТВО З ОБМЕЖЕНОЮ ВІДПОВІДАЛЬНІСТЮ «УНІВЕРСУМ КЛІНІК»,38205119
ТОВАРИСТВО З ОБМЕЖЕНОЮ ВІДПОВІДАЛЬНІСТЮ «УНІВЕР 21 ЛТД»,4592530
ТОВАРИСТВО З ОБМЕЖЕНОЮ ВІДПОВІДАЛЬНІСТЮ «ПУМА УКРАЇНА»,33741984
ТОВАРИСТВО З ОБМЕЖЕНОЮ ВІДПОВІДАЛЬНІСТЮ «ЕСТЕ-ЛАЙН»,40219838
ТОВАРИСТВО З ОБМЕЖЕНОЮ ВІДПОВІДАЛЬНІСТЮ «МЄГАТУР»,40628719
ТОВАРИСТВО З ОБМЕЖЕНОЮ ВІДПОВІДАЛЬНІСТЮ «ДСЛК»,25390924
ТОВАРИСТВО З ОБМЕЖЕНОЮ ВІДПОВІДАЛЬНІСТЮ «НАВЧАЛЬНО-ОЗДОРОВЧИЙ РОЗВИТОК»,43806225
ТОВАРИСТВО З ОБМЕЖЕНОЮ ВІДПОВІДАЛЬНІСТЮ «АПОЛОНІЯ ДЕНТАЛ»,42312642
ТОВАРИСТВО З ОБМЕЖЕНОЮ ВІДПОВІДАЛЬНІСТЮ «СТВОЛ»,37608933
ТОВАРИСТВО З ОБМЕЖЕНОЮ ВІДПОВІДАЛЬНІСТЮ «ВСЕУКРАЇНСЬКИЙ ОХОРОННИЙ ХОЛДИНГ»,43614625
ТОВАРИСТВО З ОБМЕЖЕНОЮ ВІДПОВІДАЛЬНІСТЮ «БІЗНЕС ЦЕНТР «ВОЛОДИМИРСЬКИЙ»,37101525
ТОВАРИСТВО З ОБМЕЖЕНОЮ ВІДПОВІДАЛЬНІСТЮ «АЕМТЕКС»,39835941
ТОВАРИСТВО З ОБМЕЖЕНОЮ ВІДПОВІДАЛЬНІСТЮ «ДЕНТ ПРОФІ»,37107255
ТОВАРИСТВО З ОБМЕЖЕНОЮ ВІДПОВІДАЛЬНІСТЮ «ТРК ІНВЕСТ»,35946820
ІНОЗЕМНЕ ПІДПРИЄМСТВО «ЛОГІН»,38204178
ПРИВАТНЕ ПІДПРИЄМСТВО «АЛТЕЙ-2003»,32491850
ТОВАРИСТВО З ОБМЕЖЕНОЮ ВІДПОВІДАЛЬНІСТЮ «АНЧОУСНА»,43159830
ТОВАРИСТВО З ОБМЕЖЕНОЮ ВІДПОВІДАЛЬНІСТЮ «НКТ»,34539930
ТОВАРИСТВО З ОБМЕЖЕНОЮ ВІДПОВІДАЛЬНІСТЮ «УАНПРАЙС ЦЕНТР»,44243466
ТОВАРИСТВО З ОБМЕЖЕНОЮ ВІДПОВІДАЛЬНІСТЮ «ПОНІ-КЛУБ»,36124819
ТОВАРИСТВО З ОБМЕЖЕНОЮ ВІДПОВІДАЛЬНІСТЮ «ТН ПРОДУКТ»,42737952
ТОВАРИСТВО З ОБМЕЖЕНОЮ ВІДПОВІДАЛЬНІСТЮ «УСПІХ-МЕД»,43588648
ТОВАРИСТВО З ОБМЕЖЕНОЮ ВІДПОВІДАЛЬНІСТЮ «ПАМП МАЙ ТАЙМ»,34708953
ТОВАРИСТВО З ОБМЕЖЕНОЮ ВІДПОВІДАЛЬНІСТЮ «АРТ - ПРОМ»,36989671
ТОВАРИСТВО З ОБМЕЖЕНОЮ ВІДПОВІДАЛЬНІСТЮ «МЕДТЕХНІКА ОРТО»,40226798
АКЦІОНЕРНЕ ТОВАРИСТВО «ОКСІ БАНК»,9306278
ТОВАРИСТВО З ОБМЕЖЕНОЮ ВІДПОВІДАЛЬНІСТЮ «АН «БЛАГОВІСТ» ФРАНКІВСЬКЕ»,37995749
ТОВАРИСТВО З ОБМЕЖЕНОЮ ВІДПОВІДАЛЬНІСТЮ «САЛОН КРАСИ «СПА СТУДІО»,33191835
ТОВАРИСТВО З ОБМЕЖЕНОЮ ВІДПОВІДАЛЬНІСТЮ «ЕЛЕКТРО ТРЕЙД»,37649461
ПРИВАТНЕ ПІДПРИЄМСТВО «ЧІКЕНМАРКЕТ»,40084657
ТОВАРИСТВО З ОБМЕЖЕНОЮ ВІДПОВІДАЛЬНІСТЮ «ВИРОБНИЧА КОМПАНІЯ «НОВИЙ ЧАС»,42499039
ПРИВАТНЕ АКЦІОНЕРНЕ ТОВАРИСТВО «ДАРНИЦЬКИЙ КОМБІНАКЦІОНЕРНЕ ТОВАРИСТВО БУДІВЕЛЬНИХ МАТЕРІАЛІВ І КОНСТРУКЦІЙ»,4012299
ТОВАРИСТВО З ОБМЕЖЕНОЮ ВІДПОВІДАЛЬНІСТЮ «МАЕСТРО ВОК»,43030033
ТОВАРИСТВО З ОБМЕЖЕНОЮ ВІДПОВІДАЛЬНІСТЮ «РАСМУС»,38799929
ПРИВАТНЕ АКЦІОНЕРНЕ ТОВАРИСТВО «ЕСМА»,1267886
ТОВАРИСТВО З ОБМЕЖЕНОЮ ВІДПОВІДАЛЬНІСТЮ «СПОРТ ОРЕНДА-7»,43407436
ТОВАРИСТВО З ОБМЕЖЕНОЮ ВІДПОВІДАЛЬНІСТЮ «ОДОНТОМЕД»,33632868
ТОВАРИСТВО З ОБМЕЖЕНОЮ ВІДПОВІДАЛЬНІСТЮ «ТАЄРС ЛІЗИНГ»,41077656
ТОВАРИСТВО З ОБМЕЖЕНОЮ ВІДПОВІДАЛЬНІСТЮ «АТП «БОСС»,42032642
ТОВАРИСТВО З ОБМЕЖЕНОЮ ВІДПОВІДАЛЬНІСТЮ «ПУДРА ФЛАВЕРС»,42363283
ТОВАРИСТВО З ОБМЕЖЕНОЮ ВІДПОВІДАЛЬНІСТЮ «ГОТЕЛЬ ІНВЕСТ ГРУП»,39043221
ТОВАРИСТВО З ОБМЕЖЕНОЮ ВІДПОВІДАЛЬНІСТЮ «ІННОВАЦІЙНІ ОБЛІКОВІ СИСТЕМИ»,39770806
ТОВАРИСТВО З ОБМЕЖЕНОЮ ВІДПОВІДАЛЬНІСТЮ «ЦЕНТРОСЕРВІС»,31899531
ТОВАРИСТВО З ОБМЕЖЕНОЮ ВІДПОВІДАЛЬНІСТЮ «АРОМА УКРАЇНА»,35758937
КОМУНАЛЬНЕ ПІДПРИЄМСТВО «МІСЬКИЙ МАГАЗИН» ВИКОНАВЧОГО ОРГАНУ КИЇВРАДИ,36927573
ТОВАРИСТВО З ОБМЕЖЕНОЮ ВІДПОВІДАЛЬНІСТЮ «ПЕРША ФАРМАЦІЯ КИЄВА»,44018640
ТДВ «СТРАХОВА ГРУПА «ОБЕРІГ»,39433769
ТОВАРИСТВО З ОБМЕЖЕНОЮ ВІДПОВІДАЛЬНІСТЮ «ПЕРША БУДІВЕЛЬНА АГЕНЦІЯ №18»,43359262
ТОВАРИСТВО З ОБМЕЖЕНОЮ ВІДПОВІДАЛЬНІСТЮ «РЕОТОН»,20009084
"ПРИВАТНА ОРГАНІЗАЦІЯ (УСТАНОВА, ЗАКЛАД) «ПРИВАТНИЙ ЗАКЛАД ДОШКІЛЬНОЇ ОСВІТИ «БАМБІНОС КІДС»",43788243
ТОВАРИСТВО З ОБМЕЖЕНОЮ ВІДПОВІДАЛЬНІСТЮ «МАСТЕР БУРГЕР АРЕНА»,43877694
ТОВАРИСТВО З ОБМЕЖЕНОЮ ВІДПОВІДАЛЬНІСТЮ «МОДУС ДЕВЕЛОПМЕНТ»,42972000
АКЦІОНЕРНЕ ТОВАРИСТВО «КИЇВСЬКИЙ ЕЛЕКТРОТРАНСПОРТНИЙ ЗАВОД»,4012017
ТОВАРИСТВО З ОБМЕЖЕНОЮ ВІДПОВІДАЛЬНІСТЮ «РК КОНСАЛТИНГ»,41997464
ОСББ «КАРЕ»,26253833
ТОВАРИСТВО З ОБМЕЖЕНОЮ ВІДПОВІДАЛЬНІСТЮ «П'ЯНА ВИШНЯ НА ВОЛОДИМИРСЬКІЙ»,43938018
ТОВАРИСТВО З ОБМЕЖЕНОЮ ВІДПОВІДАЛЬНІСТЮ «ФІНАНСОВА КОМПАНІЯ МАГНАТ»,39307260
ТОВАРИСТВО З ОБМЕЖЕНОЮ ВІДПОВІДАЛЬНІСТЮ «КРУТІ ПРОЕКТИ»,40247116
ТОВАРИСТВО З ОБМЕЖЕНОЮ ВІДПОВІДАЛЬНІСТЮ «ГАРАЖ МОБАЙЛ ГРУП»,35040775
ТОВАРИСТВО З ОБМЕЖЕНОЮ ВІДПОВІДАЛЬНІСТЮ «УАНПРАЙС РІТЕЙЛ ГРУПП»,40215168
ТОВАРИСТВО З ОБМЕЖЕНОЮ ВІДПОВІДАЛЬНІСТЮ «Є КОСМЕТОЛОДЖИ СКУЛ»,43332680
ТОВАРИСТВО З ОБМЕЖЕНОЮ ВІДПОВІДАЛЬНІСТЮ «ВАЙНЕКСПЕРТ»,40429242
ТОВАРИСТВО З ОБМЕЖЕНОЮ ВІДПОВІДАЛЬНІСТЮ «11 МІРРОРС ОТЕЛЬ»,38203787
ТОВАРИСТВО З ОБМЕЖЕНОЮ ВІДПОВІДАЛЬНІСТЮ «СТАТУС БУД- ПРЕМІУМ»,40786606
ТОВАРИСТВО З ОБМЕЖЕНОЮ ВІДПОВІДАЛЬНІСТЮ «ДЕ РЕЗОРТ ДЕВЕЛОПМЕНТ»,43379116
ТОВАРИСТВО З ОБМЕЖЕНОЮ ВІДПОВІДАЛЬНІСТЮ «АВТОЕКСПО»,37725285
ТОВАРИСТВО З ОБМЕЖЕНОЮ ВІДПОВІДАЛЬНІСТЮ «РАК ЕНД РОЛ»,44241186
ТОВАРИСТВО З ОБМЕЖЕНОЮ ВІДПОВІДАЛЬНІСТЮ «ОРХІДЕЯ -В»,21640360
ТОВАРИСТВО З ОБМЕЖЕНОЮ ВІДПОВІДАЛЬНІСТЮ «КЛІНІКА ЛІКАРЯ БРЕННЕРА»,43491266
ТОВАРИСТВО З ОБМЕЖЕНОЮ ВІДПОВІДАЛЬНІСТЮ «К.ФРІК»,44115971
ТОВАРИСТВО З ОБМЕЖЕНОЮ ВІДПОВІДАЛЬНІСТЮ «АГРОСЕМ»,30967207
ТОВАРИСТВО З ОБМЕЖЕНОЮ ВІДПОВІДАЛЬНІСТЮ «АВТОСОЛЮШН»,40140962
ТОВАРИСТВО З ОБМЕЖЕНОЮ ВІДПОВІДАЛЬНІСТЮ «ПОРШЕ УКРАЇНА»,35291194
ТОВАРИСТВО З ОБМЕЖЕНОЮ ВІДПОВІДАЛЬНІСТЮ «ОНТО-МЕД КАХОВСЬКА»,43329416
ТОВАРИСТВО З ОБМЕЖЕНОЮ ВІДПОВІДАЛЬНІСТЮ «ФАН ГЕЙМ»,24929930
ПРИВАТНЕ ПІДПРИЄМСТВО «ШАТЕЛЬ КИЇВ»,37534867
ТОВАРИСТВО З ОБМЕЖЕНОЮ ВІДПОВІДАЛЬНІСТЮ «ФЬОРСТ ВІН»,44149005
ТОВАРИСТВО З ОБМЕЖЕНОЮ ВІДПОВІДАЛЬНІСТЮ «БІОРИТМ ПЛЮС»,37203503
ТОВАРИСТВО З ОБМЕЖЕНОЮ ВІДПОВІДАЛЬНІСТЮ «ВИН РЕНТ»,37695172
ТОВАРИСТВО З ОБМЕЖЕНОЮ ВІДПОВІДАЛЬНІСТЮ «БЕСТ БАЙ»,39002272
ТОВАРИСТВО З ОБМЕЖЕНОЮ ВІДПОВІДАЛЬНІСТЮ «ЛЕНД ІН»,37082838
ТОВАРИСТВО З ОБМЕЖЕНОЮ ВІДПОВІДАЛЬНІСТЮ «СКАЙ ІНЖИНІРІНГ КОМПАНІ»,35026415
ТОВАРИСТВО З ОБМЕЖЕНОЮ ВІДПОВІДАЛЬНІСТЮ «ДЖАМП ПАРК»,40073509
ТОВАРИСТВО З ОБМЕЖЕНОЮ ВІДПОВІДАЛЬНІСТЮ «СКЛАД СЕРВІС КИЇВ»,35551608
ТОВАРИСТВО З ОБМЕЖЕНОЮ ВІДПОВІДАЛЬНІСТЮ «РОЯЛ СМАЙЛ ДЕНТАЛ КЛІНІК»,44180417
ТОВАРИСТВО З ОБМЕЖЕНОЮ ВІДПОВІДАЛЬНІСТЮ «РОЯЛ ДОНАТС УКРАЇНА»,44393105
ТОВАРИСТВО З ОБМЕЖЕНОЮ ВІДПОВІДАЛЬНІСТЮ «ВЕСТА СІСТЕМ»,41897504
ТОВАРИСТВО З ОБМЕЖЕНОЮ ВІДПОВІДАЛЬНІСТЮ «ЛАФАР РІТЕЙЛ»,42693444
ПРИВАТНЕ ПІДПРИЄМСТВО «ДЕНТА ДЕРМ»,35412404
ТОВАРИСТВО З ОБМЕЖЕНОЮ ВІДПОВІДАЛЬНІСТЮ «ЕСКУЛАБ ЦЕНТР»,44589291
ТОВАРИСТВО З ОБМЕЖЕНОЮ ВІДПОВІДАЛЬНІСТЮ «ТРЕМП-ЛТД»,21547694
ТОВАРИСТВО З ОБМЕЖЕНОЮ ВІДПОВІДАЛЬНІСТЮ «КОРМАКС ТРЕЙД»,40891407
ТОВАРИСТВО З ОБМЕЖЕНОЮ ВІДПОВІДАЛЬНІСТЮ «МІЛКІДА»,43019439
ТОВАРИСТВО З ОБМЕЖЕНОЮ ВІДПОВІДАЛЬНІСТЮ «ОСНОВА ІНФО»,36224758
ТОВАРИСТВО З ОБМЕЖЕНОЮ ВІДПОВІДАЛЬНІСТЮ «ЄВРОМІСТО-МЕД»,44548941
ТОВАРИСТВО З ОБМЕЖЕНОЮ ВІДПОВІДАЛЬНІСТЮ «ТЦ «ДОНІЧ»,41544640
ТОВАРИСТВО З ОБМЕЖЕНОЮ ВІДПОВІДАЛЬНІСТЮ «ВИГІДНА ПОКУПКА»,41130363
ТОВАРИСТВО З ОБМЕЖЕНОЮ ВІДПОВІДАЛЬНІСТЮ «ТОРГОВИЙ ДІМ «МІСТ ЕКСПРЕС»,36152228
ПРИВАТНЕ ПІДПРИЄМСТВО «ГУЛЬ»,24546821
ТОВАРИСТВО З ОБМЕЖЕНОЮ ВІДПОВІДАЛЬНІСТЮ «ІНТЕРПРОЕКТ»,32211457
ТОВАРИСТВО З ОБМЕЖЕНОЮ ВІДПОВІДАЛЬНІСТЮ «АЛЬГО-ФАРМ»,36688143
ТОВАРИСТВО З ОБМЕЖЕНОЮ ВІДПОВІДАЛЬНІСТЮ «КОНТИНЕНТ ГРУП»,31868409
ТОВАРИСТВО З ОБМЕЖЕНОЮ ВІДПОВІДАЛЬНІСТЮ «ФІШ РАНГ ІСТ»,44685194
ПРИВАТНЕ ПІДПРИЄМСТВО «РОММЕД»,32512959
ТОВАРИСТВО З ОБМЕЖЕНОЮ ВІДПОВІДАЛЬНІСТЮ «СПРИНТ СІМ»,40327882
ТОВАРИСТВО З ОБМЕЖЕНОЮ ВІДПОВІДАЛЬНІСТЮ «ДОСКОНАЛІСТЬ СТРАВ»,45117372
ТОВАРИСТВО З ОБМЕЖЕНОЮ ВІДПОВІДАЛЬНІСТЮ «ПРОГРЕССІЯ»,43096272
ТОВАРИСТВО З ОБМЕЖЕНОЮ ВІДПОВІДАЛЬНІСТЮ «АГЕНТСТВО НЕРУХОМОСТІ «БЛАГОВІСТ» ВВІДЕНСЬКЕ»,38003495
ТОВАРИСТВО З ОБМЕЖЕНОЮ ВІДПОВІДАЛЬНІСТЮ «ПРИВАТНИЙ ЗДО «1 ДА»,43072230
ПОВНЕ ТОВАРИСТВО «ЛОМБАРД ПАРУС ПЛЮС» ТОВАРИСТВО З ОБМЕЖЕНОЮ ВІДПОВІДАЛЬНІСТЮ «ПАНОРАМ.А» І КОМПАНІЯ»,44321266
ТОВАРИСТВО З ОБМЕЖЕНОЮ ВІДПОВІДАЛЬНІСТЮ «МІНДЕСЕРТІВ»,45041911
ТОВАРИСТВО З ОБМЕЖЕНОЮ ВІДПОВІДАЛЬНІСТЮ «АЙО ФУД»,44702565
ТОВАРИСТВО З ОБМЕЖЕНОЮ ВІДПОВІДАЛЬНІСТЮ «АВТОЦЕНТР НА ПОЧАЙНІ»,39647272
ТОВАРИСТВО З ОБМЕЖЕНОЮ ВІДПОВІДАЛЬНІСТЮ «АК І ДЖК ІНВЕСТМЕН»,44925785
ТОВАРИСТВО З ОБМЕЖЕНОЮ ВІДПОВІДАЛЬНІСТЮ «РАЙЗН»,44669785
ТОВАРИСТВО З ОБМЕЖЕНОЮ ВІДПОВІДАЛЬНІСТЮ «МЕДИЧНИЙ ЦЕНТР «ВІВАМЕДІКАЛ»,43572947
ПРИВАТНИЙ ВИЩИЙ НАВЧАЛЬНИЙ ЗАКЛАД «МІЖНАРОДНИЙ ІНСТИТУТ МЕНЕДЖМЕНТУ (МІМ-КИЇВ)»,5394423
ТОВАРИСТВО З ОБМЕЖЕНОЮ ВІДПОВІДАЛЬНІСТЮ «ЮНІТ ХОЛДІНГС»,41719529
ПРИВАТНЕ ПІДПРИЄМСТВО ПРОФЕСОРСЬКИЙ ЦЕНТР ЕСТЕТИЧНОЇ МЕДИЦИНИ,40063265
ТОВАРИСТВО З ОБМЕЖЕНОЮ ВІДПОВІДАЛЬНІСТЮ «ВИРОБНИЧО-ТОРГОВЕЛЬНА ФІРМА «ГЛОРІЯ»»,307632
ТОВАРИСТВО З ОБМЕЖЕНОЮ ВІДПОВІДАЛЬНІСТЮ «ІНСТИТУТ РЕВМАТОЛОГІЇ»,42890728
ТОВАРИСТВО З ОБМЕЖЕНОЮ ВІДПОВІДАЛЬНІСТЮ «УКРАФЛОРА»,20006298
ТОВАРИСТВО З ОБМЕЖЕНОЮ ВІДПОВІДАЛЬНІСТЮ «ПОДОРОЖНИК ЧЕРНІГІВ»,41964638
ТОВАРИСТВО З ОБМЕЖЕНОЮ ВІДПОВІДАЛЬНІСТЮ «БЮРО ПЕРЕКЛАДІВ «МАКРОГЛОБАЛ»,41937431
ТОВАРИСТВО З ОБМЕЖЕНОЮ ВІДПОВІДАЛЬНІСТЮ «МІСЬКБУД ІНЖИНІРІНГ»,39486576
ТОВАРИСТВО З ОБМЕЖЕНОЮ ВІДПОВІДАЛЬНІСТЮ «УКРШТОРИ»,44450105
ТОВАРИСТВО З ОБМЕЖЕНОЮ ВІДПОВІДАЛЬНІСТЮ «АНДРОЦЕНТР»,33442029
ТОВАРИСТВО З ОБМЕЖЕНОЮ ВІДПОВІДАЛЬНІСТЮ «МІЛЛЕНІУМ ТРЕЙД»,38684109
ТОВАРИСТВО З ОБМЕЖЕНОЮ ВІДПОВІДАЛЬНІСТЮ «АВТЕК-ІНВЕСТ»,32491054
ТОВАРИСТВО З ОБМЕЖЕНОЮ ВІДПОВІДАЛЬНІСТЮ «РЕСТ О РАН»,45336399
ТОВАРИСТВО З ОБМЕЖЕНОЮ ВІДПОВІДАЛЬНІСТЮ «ПОДІЛ - 2000»,30778000
ТОВАРИСТВО З ОБМЕЖЕНОЮ ВІДПОВІДАЛЬНІСТЮ «ПЕЧЕРСЬКИЙ ЦЕНТР ОФТАЛЬМОЛОГІЇ»,40559195
ТОВАРИСТВО З ОБМЕЖЕНОЮ ВІДПОВІДАЛЬНІСТЮ «ЛЯ ФАМІЛІЯ ТРЕВЕЛ»,42104533
ТОВАРИСТВО З ОБМЕЖЕНОЮ ВІДПОВІДАЛЬНІСТЮ «ФАСТ КРЕДИТ»,44500873
ТОВАРИСТВО З ОБМЕЖЕНОЮ ВІДПОВІДАЛЬНІСТЮ «ФІНАНСОВА КОМПАНІЯ «ВАЛТА ГРУП»,40153285
ПРИВАТНЕ ПІДПРИЄМСТВО «ЛЕО РІТЕЙЛ»,44543110
ТОВАРИСТВО З ОБМЕЖЕНОЮ ВІДПОВІДАЛЬНІСТЮ «ПРО ДИЗАЙН ГРУПП»,42266832
ТОВАРИСТВО З ОБМЕЖЕНОЮ ВІДПОВІДАЛЬНІСТЮ «ЛІНКОРН»,32244959
ТОВАРИСТВО З ОБМЕЖЕНОЮ ВІДПОВІДАЛЬНІСТЮ «ГЛОБАЛ МЕДІКАЛ НЕТВОРК»,44623028
ТОВАРИСТВО З ОБМЕЖЕНОЮ ВІДПОВІДАЛЬНІСТЮ «ДЖЕНЕРАЛ КОМЕРС»,42067832
ТОВАРИСТВО З ОБМЕЖЕНОЮ ВІДПОВІДАЛЬНІСТЮ «МЕГА-ФІТ»,43835115
ТОВАРИСТВО З ОБМЕЖЕНОЮ ВІДПОВІДАЛЬНІСТЮ «ДЭБОРА»,23159045
ТОВАРИСТВО З ОБМЕЖЕНОЮ ВІДПОВІДАЛЬНІСТЮ «ДОШКІЛЬНИЙ НАВЧАЛЬНИЙ ЗАКЛАД «КІДС-ПАРК»,40844708
ТОВАРИСТВО З ОБМЕЖЕНОЮ ВІДПОВІДАЛЬНІСТЮ «МАДІАНІ ГРУП»,44127877
ТОВАРИСТВО З ОБМЕЖЕНОЮ ВІДПОВІДАЛЬНІСТЮ «ЗАВОД ЄВРОФОРМАТ»,31724919
ТОВАРИСТВО З ОБМЕЖЕНОЮ ВІДПОВІДАЛЬНІСТЮ «Ф1 ПРОДАКШН»,39124806
ТОВАРИСТВО З ОБМЕЖЕНОЮ ВІДПОВІДАЛЬНІСТЮ «ЛР ГЛОБУС»,35234901
ТОВАРИСТВО З ОБМЕЖЕНОЮ ВІДПОВІДАЛЬНІСТЮ «МРІЯІНВЕСТ»,33942431
ТОВАРИСТВО З ОБМЕЖЕНОЮ ВІДПОВІДАЛЬНІСТЮ «ЇМ РИБУ І ХУДНУ»,44991397
ТОВАРИСТВО З ОБМЕЖЕНОЮ ВІДПОВІДАЛЬНІСТЮ «ВІН ІНВЕСТ»,35297610
НАЦІОНАЛЬНИЙ УНІВЕРСИТЕТ ХАРЧОВИХ ТЕХНОЛОГІЙ,2070938
ТОВАРИСТВО З ОБМЕЖЕНОЮ ВІДПОВІДАЛЬНІСТЮ «РОДИННА СТОМАТОЛОГІЯ»,37013785
ТОВАРИСТВО З ОБМЕЖЕНОЮ ВІДПОВІДАЛЬНІСТЮ «АВТОЛЮКС СЕРВІС»,24083054
КИЇВСЬКИЙ МІСЬКИЙ ЦЕНТР ЗАЙНЯТОСТІ,3491091
ТОВАРИСТВО З ОБМЕЖЕНОЮ ВІДПОВІДАЛЬНІСТЮ «Д.М.Т.»,37922754
ТОВАРИСТВО З ОБМЕЖЕНОЮ ВІДПОВІДАЛЬНІСТЮ «ТОРГОВИЙ КОМПЛЕКС «БОРЩАГІВСЬКИЙ»,1565112
ТОВАРИСТВО З ОБМЕЖЕНОЮ ВІДПОВІДАЛЬНІСТЮ «СВІТ СКЛАДІВ»,44891458
АКЦІОНЕРНЕ ТОВАРИСТВО «ФАРМАК»,481198
ТОВАРИСТВО З ОБМЕЖЕНОЮ ВІДПОВІДАЛЬНІСТЮ «ФУД КОРПОРЕЙШН»,45388871
ТОВАРИСТВО З ОБМЕЖЕНОЮ ВІДПОВІДАЛЬНІСТЮ «ЦЕРА МЕД»,45349460
ТОВАРИСТВО З ОБМЕЖЕНОЮ ВІДПОВІДАЛЬНІСТЮ «СМАРТЕСС ПОЗНЯКИ»,45160627
ТОВАРИСТВО З ОБМЕЖЕНОЮ ВІДПОВІДАЛЬНІСТЮ «ПЕТ ФЕМЕЛІ»,44252287
ТОВАРИСТВО З ОБМЕЖЕНОЮ ВІДПОВІДАЛЬНІСТЮ «КДУ»,44771974
ТОВАРИСТВО З ОБМЕЖЕНОЮ ВІДПОВІДАЛЬНІСТЮ «МАЙ ТРІП»,45244476
ТОВАРИСТВО З ОБМЕЖЕНОЮ ВІДПОВІДАЛЬНІСТЮ «НЬЮ ВІТА ГРУП»,41204597
БЛАГОДІЙНА ОРГАНІЗАЦІЯ «БЛАГОДІЙНИЙ ФОНД «КЛУБ ДОБРОДІЇВ»,40709504
ТОВАРИСТВО З ОБМЕЖЕНОЮ ВІДПОВІДАЛЬНІСТЮ «СЕВЕН ДЕНТ»,45589879
ТОВАРИСТВО З ОБМЕЖЕНОЮ ВІДПОВІДАЛЬНІСТЮ «КОМПАНІЯ «КЕРАМХОЛЛ»,37245255
ТОВАРИСТВО З ОБМЕЖЕНОЮ ВІДПОВІДАЛЬНІСТЮ «АДВОКАТСЬКА КОМПАНІЯ «СТАТУС»,40889766
ПРИВАТНИЙ ВИЩИЙ НАВЧАЛЬНИЙ ЗАКЛАД КИЇВСЬКИЙ МЕДИЧНИЙ УНІВЕРСИТЕТ,16478809
ТОВАРИСТВО З ОБМЕЖЕНОЮ ВІДПОВІДАЛЬНІСТЮ «ҐЕЛІОС ВІЖН УКРАЇНА»,42728120
ТОВАРИСТВО З ОБМЕЖЕНОЮ ВІДПОВІДАЛЬНІСТЮ «АКАДЕМІЯ РЕДЖЕН ЛАБ МЕДИЧНИЙ ЦЕНТР»,44222692
ТОВАРИСТВО З ОБМЕЖЕНОЮ ВІДПОВІДАЛЬНІСТЮ «УКРАЇНСЬКІ ІНФОСИСТЕМИ»,39210567
ТОВАРИСТВО З ОБМЕЖЕНОЮ ВІДПОВІДАЛЬНІСТЮ «ТОРГОВИЙ ДІМ «ЖИТОМИРСЬКІ ЛАСОЩІ»,38092323
ТОВАРИСТВО З ОБМЕЖЕНОЮ ВІДПОВІДАЛЬНІСТЮ «ЕКОДНІПРО»,38115324
ТОВАРИСТВО З ОБМЕЖЕНОЮ ВІДПОВІДАЛЬНІСТЮ «КЛІНІКА ГЕНЕТИКИ РЕПРОДУКЦІЇ «ВІКТОРІЯ»,35085030
ТОВАРИСТВО З ОБМЕЖЕНОЮ ВІДПОВІДАЛЬНІСТЮ «ЗДОРОВ ФАРМ»,40150200
ТОВАРИСТВО З ОБМЕЖЕНОЮ ВІДПОВІДАЛЬНІСТЮ «МІНЧЕБУРЕКІВ-2»,45173767
ТОВАРИСТВО З ОБМЕЖЕНОЮ ВІДПОВІДАЛЬНІСТЮ «СЛАВУТИЧ 7»,13689747
ТОВАРИСТВО З ОБМЕЖЕНОЮ ВІДПОВІДАЛЬНІСТЮ «ПРОФІТ-КОМПАНІ»,42808195
ТОВАРИСТВО З ОБМЕЖЕНОЮ ВІДПОВІДАЛЬНІСТЮ «БЦ РЕКЛАМА»,37973133
ТОВАРИСТВО З ОБМЕЖЕНОЮ ВІДПОВІДАЛЬНІСТЮ «ОРРО ДЕНТАЛ ГРУПП»,45212135
ТОВАРИСТВО З ОБМЕЖЕНОЮ ВІДПОВІДАЛЬНІСТЮ «СКЛАД-ПАК»,37734766
ТОВАРИСТВО З ОБМЕЖЕНОЮ ВІДПОВІДАЛЬНІСТЮ «ЕНТЕРПРАЙЗ ПЛЮС»,44601219
ТОВАРИСТВО З ОБМЕЖЕНОЮ ВІДПОВІДАЛЬНІСТЮ «ОРКОВ.НЕТ»,44969293
ТОВАРИСТВО З ОБМЕЖЕНОЮ ВІДПОВІДАЛЬНІСТЮ «ГОЛОСІЇВСЬКИЙ КВАРТАЛ»,40916803
АКЦІОНЕРНЕ ТОВАРИСТВО «АГРОФІРМА «ТРОЯНДА»,3359658
ТОВАРИСТВО З ОБМЕЖЕНОЮ ВІДПОВІДАЛЬНІСТЮ «ІМПЕРІЯ-С»,39251779
ТОВАРИСТВО З ОБМЕЖЕНОЮ ВІДПОВІДАЛЬНІСТЮ «МЕДИЧНИЙ ЦЕНТР «НЬЮ КЛІНІК»,43417564
ТОВАРИСТВО З ОБМЕЖЕНОЮ ВІДПОВІДАЛЬНІСТЮ «СТЕП МЕНЕДЖМЕНТ»,44018970
ТОВАРИСТВО З ОБМЕЖЕНОЮ ВІДПОВІДАЛЬНІСТЮ «РЕМОНТНИК»,21604937
ТОВАРИСТВО З ОБМЕЖЕНОЮ ВІДПОВІДАЛЬНІСТЮ «ЧЕРНОМОРКА НА СУМСЬКІЙ»,44354291
ТОВАРИСТВО З ОБМЕЖЕНОЮ ВІДПОВІДАЛЬНІСТЮ «КУА «РІЧМОНД»,40829391
ТОВАРИСТВО З ОБМЕЖЕНОЮ ВІДПОВІДАЛЬНІСТЮ «ЕВО МОТОРС ЮА»,44926616
ТОВАРИСТВО З ОБМЕЖЕНОЮ ВІДПОВІДАЛЬНІСТЮ «НАЦІОНАЛЬНА ПЕЙНТБОЛЬНА ЛІГА УКРАЇНИ»,44011268
ТОВАРИСТВО З ОБМЕЖЕНОЮ ВІДПОВІДАЛЬНІСТЮ «БРОВАРСЬКА ІНДИЧКА»,41063348
ТОВАРИСТВО З ОБМЕЖЕНОЮ ВІДПОВІДАЛЬНІСТЮ «ФІНАНСОВА КОМПАНІЯ «ФІНОФІС»,43473797
ТОВАРИСТВО З ОБМЕЖЕНОЮ ВІДПОВІДАЛЬНІСТЮ «АМЕРИКАНСЬКИЙ МЕДИЧНИЙ ЦЕНТР (КИЇВ)»,45294071
ТОВАРИСТВО З ОБМЕЖЕНОЮ ВІДПОВІДАЛЬНІСТЮ «ХАЙ ТЄК РІТЕЙЛ»,43981718
ТОВАРИСТВО З ОБМЕЖЕНОЮ ВІДПОВІДАЛЬНІСТЮ «ДЕЙРА НОВА»,44425304
ТОВАРИСТВО З ОБМЕЖЕНОЮ ВІДПОВІДАЛЬНІСТЮ «ДРІНК МІ»,44415055
ТОВАРИСТВО З ОБМЕЖЕНОЮ ВІДПОВІДАЛЬНІСТЮ «МЖК «ОБОЛОНЬ»,21618448
АКЦІОНЕРНЕ ТОВАРИСТВО «НЕСТ-ХАННЕР»,33308159
ТОВАРИСТВО З ОБМЕЖЕНОЮ ВІДПОВІДАЛЬНІСТЮ «ПАНАЗІЯ СЕРВІС»,42270456
ТОВАРИСТВО З ОБМЕЖЕНОЮ ВІДПОВІДАЛЬНІСТЮ «ПРЕВЕНТА»,44393205
ТОВАРИСТВО З ОБМЕЖЕНОЮ ВІДПОВІДАЛЬНІСТЮ «АВТОСОЮЗ»,30223848
ТОВАРИСТВО З ОБМЕЖЕНОЮ ВІДПОВІДАЛЬНІСТЮ ВКП «ЕСКО»,22579667
ТОВАРИСТВО З ОБМЕЖЕНОЮ ВІДПОВІДАЛЬНІСТЮ «КУПИ СТІЛЕЦЬ УА»,44812952
ТОВАРИСТВО З ОБМЕЖЕНОЮ ВІДПОВІДАЛЬНІСТЮ «БОРИСФЕН»,30757258
ТОВАРИСТВО З ОБМЕЖЕНОЮ ВІДПОВІДАЛЬНІСТЮ «МТІ»,13669756
ПРИВАТНЕ ПІДПРИЄМСТВО «ПРЕМІУМ-1»,35962617
ПРИВАТНИЙ ЗАКЛАД «ЗАКЛАД ДОШКІЛЬНОЇ ОСВІТИ «ДИТЯЧИЙ ПРОСТІР «ГНІЗДО»,42975530
ТОВАРИСТВО З ОБМЕЖЕНОЮ ВІДПОВІДАЛЬНІСТЮ «СКАНФОРУМ»,35855278
АКЦІОНЕРНЕ ТОВАРИСТВО «СК «ПЕРША»,31681672
ТОВАРИСТВО З ОБМЕЖЕНОЮ ВІДПОВІДАЛЬНІСТЮ «ТОПОВІ»,37501082
ТОВАРИСТВО З ОБМЕЖЕНОЮ ВІДПОВІДАЛЬНІСТЮ «ДОМОСПА УКРАЇНА»,36557731
ТОВАРИСТВО З ОБМЕЖЕНОЮ ВІДПОВІДАЛЬНІСТЮ «ТУСК»,39781410
ПРИВАТНИЙ ЗАКЛАД ОСВІТИ «ПОЧАТКОВА ШКОЛА-ЗАКЛАД ОСВІТИ І СТУПЕНЯ «МАНДАРИНКА»,41402064
АКЦІОНЕРНЕ ТОВАРИСТВО «МЕТЛАЙФ»,32109907
ТОВАРИСТВО З ОБМЕЖЕНОЮ ВІДПОВІДАЛЬНІСТЮ «ЕОСТ»,37946204
ПРИВАТНЕ ПІДПРИЄМСТВО «МЦ.»АЛЬТЕРНАТИВА»,42839244
ПРИВАТНЕ ПІДПРИЄМСТВО «ВИРОБНИЧО-КОМЕРЦІЙНА ФІРМА «МАВА»,30023933
ТОВАРИСТВО З ОБМЕЖЕНОЮ ВІДПОВІДАЛЬНІСТЮ «М'ЯСНА ІСТОРІЯ»,43245855
ТОВАРИСТВО З ОБМЕЖЕНОЮ ВІДПОВІДАЛЬНІСТЮ «ФРАНЧ ФЕМІЛІ»,45338768
ТОВАРИСТВО З ОБМЕЖЕНОЮ ВІДПОВІДАЛЬНІСТЮ «ЕПІЛ-СІТІ»,41742998
ТОВАРИСТВО З ОБМЕЖЕНОЮ ВІДПОВІДАЛЬНІСТЮ «АВ МЕДТРЕЙД»,44220962
ПРИВАТНЕ ПІДПРИЄМСТВО «ДІВІАЛ-2000»,30187680
ТОВАРИСТВО З ОБМЕЖЕНОЮ ВІДПОВІДАЛЬНІСТЮ «ЛАЙТ СЕТ»,39552715
ТОВАРИСТВО З ОБМЕЖЕНОЮ ВІДПОВІДАЛЬНІСТЮ «СІНЕЛАЙВ»,40451257
ТОВАРИСТВО З ОБМЕЖЕНОЮ ВІДПОВІДАЛЬНІСТЮ «СУЧАСНІ ДІАГНОСТИЧНІ СИСТЕМИ»,37024451
ТОВАРИСТВО З ОБМЕЖЕНОЮ ВІДПОВІДАЛЬНІСТЮ «МЕРЕЖА МАРКЕТІВ «СМАРТ»,45551845
ТОВАРИСТВО З ОБМЕЖЕНОЮ ВІДПОВІДАЛЬНІСТЮ «КЕПІТАЛ ЕСТЕЙТ СЕРВІС»,41947460
ТОВАРИСТВО З ОБМЕЖЕНОЮ ВІДПОВІДАЛЬНІСТЮ «МЕДИЧНИЙ ЦЕНТР ЕКСПЕРТНОЇ СУДИННОЇ ХІРУРГІЇ ТА ФЛЕБОЛОГІЇ «ЕНДОВЕЙН»,45417865
ТОВАРИСТВО З ОБМЕЖЕНОЮ ВІДПОВІДАЛЬНІСТЮ «НВК «МЕБЛЕВИЙ ЕКСПЕРТ»,43098992
ДП «МЕДИЧНЕ НАУКОВО-ПРАКТИЧНЕ ОБ'ЄДНАННЯ «МЕДБУД» ПРИВАТНОГО АКЦІОНЕРНОГО ТОВАРИСТВА «ХОЛДИНГОВА КОМПАНІЯ «КИЇВМІСЬКБУД»,3393945
ТОВАРИСТВО З ОБМЕЖЕНОЮ ВІДПОВІДАЛЬНІСТЮ «МЕДИЧНІ ЦЕНТРИ «МЕДІСВІТ»,38745684
ТОВАРИСТВО З ОБМЕЖЕНОЮ ВІДПОВІДАЛЬНІСТЮ «ГРУПА КОМПАНІЙ «ЦЕНТР»,35222757
ТОВАРИСТВО З ОБМЕЖЕНОЮ ВІДПОВІДАЛЬНІСТЮ «ПЛЕЙД АВТО ТРЕЙД»,45390372
АКЦІОНЕРНЕ ТОВАРИСТВО «КИЇВСЬКИЙ ЕКСПЕРИМЕНТАЛЬНИЙ МЕХАНІЧНИЙ ЗАВОД «ЗВАРКА»,1284821
ТОВАРИСТВО З ОБМЕЖЕНОЮ ВІДПОВІДАЛЬНІСТЮ «ТД «ЖИВА ВОДА»,35912388
ТОВАРИСТВО З ОБМЕЖЕНОЮ ВІДПОВІДАЛЬНІСТЮ «КОНАКА ФАРМ»,42900732
ТОВАРИСТВО З ОБМЕЖЕНОЮ ВІДПОВІДАЛЬНІСТЮ «НОВО ФАРМ»,36432804
ТОВАРИСТВО З ОБМЕЖЕНОЮ ВІДПОВІДАЛЬНІСТЮ «ЛАНПУС»,32915297
ТОВАРИСТВО З ОБМЕЖЕНОЮ ВІДПОВІДАЛЬНІСТЮ «2204»,42913469
ТОВАРИСТВО З ОБМЕЖЕНОЮ ВІДПОВІДАЛЬНІСТЮ «АКРОНІНВЕСТ»,35310657
ТОВАРИСТВО З ОБМЕЖЕНОЮ ВІДПОВІДАЛЬНІСТЮ «АПТЕКА КОНЕКС»,42625950
ТОВАРИСТВО З ОБМЕЖЕНОЮ ВІДПОВІДАЛЬНІСТЮ «РЕПРОЛАЙФ»,39610546
ТОВАРИСТВО З ОБМЕЖЕНОЮ ВІДПОВІДАЛЬНІСТЮ «СМАРТ РЕАЛТІ»,43551309
ТОВАРИСТВО З ОБМЕЖЕНОЮ ВІДПОВІДАЛЬНІСТЮ «БАКСТОН»,32978645
ТОВАРИСТВО З ОБМЕЖЕНОЮ ВІДПОВІДАЛЬНІСТЮ «ЦЕНТР РЕГІОНАЛЬНОГО РОЗВИТКУ»,32110525
ТОВАРИСТВО З ОБМЕЖЕНОЮ ВІДПОВІДАЛЬНІСТЮ «МЕГАРІЕЛТІ»,34474816
ТОВАРИСТВО З ОБМЕЖЕНОЮ ВІДПОВІДАЛЬНІСТЮ «ЛЕНГОР»,41479378
ТОВАРИСТВО З ОБМЕЖЕНОЮ ВІДПОВІДАЛЬНІСТЮ «ДЕНТАЛ ЦЕНТР ЛІПІНСЬКИЙ»,41487389
ТОВАРИСТВО З ОБМЕЖЕНОЮ ВІДПОВІДАЛЬНІСТЮ «ГРАНД ІНКОМ ГРУПП»,45083527
ТОВАРИСТВО З ОБМЕЖЕНОЮ ВІДПОВІДАЛЬНІСТЮ «УКРСЕРВІС»,32667858
УКРАЇНСЬКЕ БІБЛІЙНЕ ТОВАРИСТВО,19018646
ТОВАРИСТВО З ОБМЕЖЕНОЮ ВІДПОВІДАЛЬНІСТЮ «СЕРВІС ПРО»,39200703
ТОВАРИСТВО З ОБМЕЖЕНОЮ ВІДПОВІДАЛЬНІСТЮ «ДІАГНОСТИКА УКРАЇНА»,34484997
ТОВАРИСТВО З ОБМЕЖЕНОЮ ВІДПОВІДАЛЬНІСТЮ «ДАМІАН ДЕНТАЛ КЛІНІК»,42309755
ТОВАРИСТВО З ОБМЕЖЕНОЮ ВІДПОВІДАЛЬНІСТЮ «САН СТРІМ СИСТЕМС»,44583284
ТОВАРИСТВО З ОБМЕЖЕНОЮ ВІДПОВІДАЛЬНІСТЮ «ЛІДЕР 2024»,45539985
ТОВАРИСТВО З ОБМЕЖЕНОЮ ВІДПОВІДАЛЬНІСТЮ «АДС РІТЕЙЛ»,44737320
ТОВАРИСТВО З ОБМЕЖЕНОЮ ВІДПОВІДАЛЬНІСТЮ «ВІВА-СМАЙЛ»,39791653
ТОВАРИСТВО З ОБМЕЖЕНОЮ ВІДПОВІДАЛЬНІСТЮ «ЕДЛІН ДИСТРИБ'ЮШИН»,40922859
"ОСББ «ПЕРЕМОГИ, 55-А»",43288307
ПРИВАТНЕ ПІДПРИЄМСТВО «КОНЕКС»,23060192
ТОВАРИСТВО З ОБМЕЖЕНОЮ ВІДПОВІДАЛЬНІСТЮ «ХОМ ГРУП»,45210728
ТОВАРИСТВО З ОБМЕЖЕНОЮ ВІДПОВІДАЛЬНІСТЮ «ЕВІ-МЕД»,44260172
ТОВАРИСТВО З ОБМЕЖЕНОЮ ВІДПОВІДАЛЬНІСТЮ «ДСЦ ПЛЮС»,44290474
ТОВАРИСТВО З ОБМЕЖЕНОЮ ВІДПОВІДАЛЬНІСТЮ «КАВАЙ 2021»,44424850
ТОВАРИСТВО З ОБМЕЖЕНОЮ ВІДПОВІДАЛЬНІСТЮ «ВАРТА ДЕНТ»,44135207
ПРИВАТНИЙ ЗАКЛАД «КИЇВСЬКА ГІМНАЗІЯ «СПІЛЬНОШКОЛА»,43232584
ТОВАРИСТВО З ОБМЕЖЕНОЮ ВІДПОВІДАЛЬНІСТЮ «ДІАМЕДЛАБ»,45456972
ТОВАРИСТВО З ОБМЕЖЕНОЮ ВІДПОВІДАЛЬНІСТЮ «СУЧКА ЛЮБОВ»,45558903
МАЛЕ ПРИВАТНЕ КОМЕРЦІЙНЕ ПІДПРИЄМСТВО «КАТЮША»,19029354
ТОВАРИСТВО З ОБМЕЖЕНОЮ ВІДПОВІДАЛЬНІСТЮ «МАРГО РІТЕІЛ»,43182324
ТОВАРИСТВО З ОБМЕЖЕНОЮ ВІДПОВІДАЛЬНІСТЮ «АРІУС ТРЕЙД»,43225535
ТОВАРИСТВО З ОБМЕЖЕНОЮ ВІДПОВІДАЛЬНІСТЮ «ПЕСТО ФЕМЕЛІ»,45063537
ТОВАРИСТВО З ОБМЕЖЕНОЮ ВІДПОВІДАЛЬНІСТЮ «ХІНКАЛІ ПЛЮС»,42021976
ТОВАРИСТВО З ОБМЕЖЕНОЮ ВІДПОВІДАЛЬНІСТЮ «НОВИЙ КОМПЛЕКС»,37176475
ТОВАРИСТВО З ОБМЕЖЕНОЮ ВІДПОВІДАЛЬНІСТЮ «ДАРНИЦЯ РЕСТОРАН СЕРВІС»,45176464
ТОВАРИСТВО З ОБМЕЖЕНОЮ ВІДПОВІДАЛЬНІСТЮ «Б.В.К.»,35726727
ТОВАРИСТВО З ОБМЕЖЕНОЮ ВІДПОВІДАЛЬНІСТЮ «ЧІН-ЧІН КАФЕ»,44201726
ТОВАРИСТВО З ОБМЕЖЕНОЮ ВІДПОВІДАЛЬНІСТЮ «ЧІБО ТРЕЙД»,45330423
ТОВАРИСТВО З ОБМЕЖЕНОЮ ВІДПОВІДАЛЬНІСТЮ «ГРАНАТЕ-КЛІНІК»,43113727
ТОВАРИСТВО З ОБМЕЖЕНОЮ ВІДПОВІДАЛЬНІСТЮ «ГАЙЛЄНҐ»,39457821
ТОВАРИСТВО З ОБМЕЖЕНОЮ ВІДПОВІДАЛЬНІСТЮ «ТЕЙА ТРЕЙД»,41350603
ТОВАРИСТВО З ОБМЕЖЕНОЮ ВІДПОВІДАЛЬНІСТЮ «РІЧКА ВІД ЧОРНОМОРКИ»,45090382
ТОВАРИСТВО З ОБМЕЖЕНОЮ ВІДПОВІДАЛЬНІСТЮ «КУХ ПЛЮС»,43870259
ТОВАРИСТВО З ОБМЕЖЕНОЮ ВІДПОВІДАЛЬНІСТЮ «ГРАДЕЛ»,39073448
ТОВАРИСТВО З ОБМЕЖЕНОЮ ВІДПОВІДАЛЬНІСТЮ «ФУДС-ТОРГ»,42627764
ТОВАРИСТВО З ОБМЕЖЕНОЮ ВІДПОВІДАЛЬНІСТЮ «КОТЛЕТА ПО-КИЇВСЬКИ»,44701514
ТОВАРИСТВО З ОБМЕЖЕНОЮ ВІДПОВІДАЛЬНІСТЮ «БІДЖІ ДЕНТ»,40797632
ТОВАРИСТВО З ОБМЕЖЕНОЮ ВІДПОВІДАЛЬНІСТЮ «МЕДТЕХНІКА ОРТОСАЛОН»,44259764
ТОВАРИСТВО З ОБМЕЖЕНОЮ ВІДПОВІДАЛЬНІСТЮ «СМАРТ КЛІНІКА»,45203356
ТДВ «УКРЛІФТСЕРВІС»,5472637
ТОВАРИСТВО З ОБМЕЖЕНОЮ ВІДПОВІДАЛЬНІСТЮ «ФІТО-ДАНІМИР»,34663059
ТОВАРИСТВО З ОБМЕЖЕНОЮ ВІДПОВІДАЛЬНІСТЮ «ЄВРОПА АРМ СПОРТ»,30307697
ТОВАРИСТВО З ОБМЕЖЕНОЮ ВІДПОВІДАЛЬНІСТЮ «ВІОПОЛ»,43500411
ТОВАРИСТВО З ОБМЕЖЕНОЮ ВІДПОВІДАЛЬНІСТЮ В-КОНСТРАКШН,42354567
ТОВАРИСТВО З ОБМЕЖЕНОЮ ВІДПОВІДАЛЬНІСТЮ «ОРТОМЕДІКА ГРУП»,43384634
ТОВАРИСТВО З ОБМЕЖЕНОЮ ВІДПОВІДАЛЬНІСТЮ «АНЕЛА»,30400709
ТОВАРИСТВО З ОБМЕЖЕНОЮ ВІДПОВІДАЛЬНІСТЮ «МАСТЕРВАН»,45261638
ТОВАРИСТВО З ОБМЕЖЕНОЮ ВІДПОВІДАЛЬНІСТЮ «ПЛЕЯДА»,30551414
РЕЛІГІЙНА ОРГАНІЗАЦІЯ «РЕЛІГІЙНА ГРОМАДА ПОМІСНОЇ ЦЕРКВИ ХРИСТИЯН ВІРИ ЄВАНГЕЛЬСЬКОЇ «ХРИСТИЯНСЬКИЙ ЦЕНТР «СЛОВО ЖИТТЯ»,23377598
ТОВАРИСТВО З ОБМЕЖЕНОЮ ВІДПОВІДАЛЬНІСТЮ «БУДЕКОСЕРВІС»,34480636
"ТОВАРИСТВО З ОБМЕЖЕНОЮ ВІДПОВІДАЛЬНІСТЮ ФІРМА «АВТОХАУС КИЇВ, ГМБХ»",20045358
ТОВАРИСТВО З ОБМЕЖЕНОЮ ВІДПОВІДАЛЬНІСТЮ «ТЕСЛА КІНГ СЕРВІС»,45296645
ТОВАРИСТВО З ОБМЕЖЕНОЮ ВІДПОВІДАЛЬНІСТЮ «ТЕРМІНАЛ РОЗЕТКА»,33584049
ТОВАРИСТВО З ОБМЕЖЕНОЮ ВІДПОВІДАЛЬНІСТЮ «ІНТЕЛЕКС»,31392783
ТОВАРИСТВО З ОБМЕЖЕНОЮ ВІДПОВІДАЛЬНІСТЮ «ШКОЛА ТАНЦІВ «ДРІМ ТІМ»,45283426
ТОВАРИСТВО З ОБМЕЖЕНОЮ ВІДПОВІДАЛЬНІСТЮ «ТАНАІФ ТРЕЙД»,40941729
ПРИВАТНЕ ПІДПРИЄМСТВО «РУБІН-С»,19479749
ТОВАРИСТВО З ОБМЕЖЕНОЮ ВІДПОВІДАЛЬНІСТЮ «ЛАЗЕР-МЕД»,38454133
ТОВАРИСТВО З ОБМЕЖЕНОЮ ВІДПОВІДАЛЬНІСТЮ «ДЖОРНО ДЕНТАЛЕ ГОЛОСІЇВСЬКА»,45153866
ТОВАРИСТВО З ОБМЕЖЕНОЮ ВІДПОВІДАЛЬНІСТЮ «ПАБ-ПИВОВАРНЯ»,39292913
АДВОКАТСЬКЕ ОБ'ЄДНАННЯ «ГЕСТОРС»,38061798
ТОВАРИСТВО З ОБМЕЖЕНОЮ ВІДПОВІДАЛЬНІСТЮ «СИНЕРГІЯ КИЇВ»,42014639
ТОВАРИСТВО З ОБМЕЖЕНОЮ ВІДПОВІДАЛЬНІСТЮ «МЕД СІТІ»,39901338
ТОВАРИСТВО З ОБМЕЖЕНОЮ ВІДПОВІДАЛЬНІСТЮ «КЛІНІКА КРАСИ «ДОКТОР НЕМИРОВСЬКА»,42078886
ТОВАРИСТВО З ОБМЕЖЕНОЮ ВІДПОВІДАЛЬНІСТЮ «БАСАМАНИ»,44962193
ТОВАРИСТВО З ОБМЕЖЕНОЮ ВІДПОВІДАЛЬНІСТЮ «АСОЦІАЦІЯ СТРАВ»,45149638
ТОВАРИСТВО З ОБМЕЖЕНОЮ ВІДПОВІДАЛЬНІСТЮ «КАСКАД МЕДІКАЛ РЕГІОНИ»,35757357
ТОВАРИСТВО З ОБМЕЖЕНОЮ ВІДПОВІДАЛЬНІСТЮ «ФІНАНСОВА КОМПАНІЯ «ЦЕНТРОФІНАНС»,38741271
ТОВАРИСТВО З ОБМЕЖЕНОЮ ВІДПОВІДАЛЬНІСТЮ «БУДІВЕЛЬНА ЗІРКА»,35321915
ТОВАРИСТВО З ОБМЕЖЕНОЮ ВІДПОВІДАЛЬНІСТЮ «ЩЕКАВИЦЯ»,43059576
ТОВАРИСТВО З ОБМЕЖЕНОЮ ВІДПОВІДАЛЬНІСТЮ «ПЕДІАТРІЯ З ЛЮБОВ'Ю»,44753740
ТОВАРИСТВО З ОБМЕЖЕНОЮ ВІДПОВІДАЛЬНІСТЮ «КАВКАЗЬКИЙ ОЧАГ»,42270414
ПРИВАТНЕ ПІДПРИЄМСТВО «САМТЕКС-2000»,45102413
ТОВАРИСТВО З ОБМЕЖЕНОЮ ВІДПОВІДАЛЬНІСТЮ «РЕТРО СУШИ»,43464431
ТОВАРИСТВО З ОБМЕЖЕНОЮ ВІДПОВІДАЛЬНІСТЮ «ВІТРЕВЕЛ»,44626359
ТОВАРИСТВО З ОБМЕЖЕНОЮ ВІДПОВІДАЛЬНІСТЮ «РІДІТ»,44858672
ТОВАРИСТВО З ОБМЕЖЕНОЮ ВІДПОВІДАЛЬНІСТЮ «МДСТ ПРОДУКТ»,45021869
ТОВАРИСТВО З ОБМЕЖЕНОЮ ВІДПОВІДАЛЬНІСТЮ «ЕТАЛОН-АСП»,39305719
ТОВАРИСТВО З ОБМЕЖЕНОЮ ВІДПОВІДАЛЬНІСТЮ «ТАНЗЕРО МЕНЕДЖМЕНТ ТА ПРОДАКШН»,45349261
ТОВАРИСТВО З ОБМЕЖЕНОЮ ВІДПОВІДАЛЬНІСТЮ «СВІРЖЕВСЬКИХ ДЕНТАЛ КЛІНІК»,45155329
ТОВАРИСТВО З ОБМЕЖЕНОЮ ВІДПОВІДАЛЬНІСТЮ «ЧЕСНЕ М'ЯСО»,44144054
ТОВАРИСТВО З ОБМЕЖЕНОЮ ВІДПОВІДАЛЬНІСТЮ «УАНПРАЙС МЕГА»,44457163
ТОВАРИСТВО З ОБМЕЖЕНОЮ ВІДПОВІДАЛЬНІСТЮ «РЕСТОРАЦІЯ НЕЗЛАМНОСТІ»,45108022
ТОВАРИСТВО З ОБМЕЖЕНОЮ ВІДПОВІДАЛЬНІСТЮ «ГОТЕЛЬ «БОТАНІЧНИЙ»,5416573
ТОВАРИСТВО З ОБМЕЖЕНОЮ ВІДПОВІДАЛЬНІСТЮ «СМАРТЦЕНТР»,39900360
ТОВАРИСТВО З ОБМЕЖЕНОЮ ВІДПОВІДАЛЬНІСТЮ «АСТОРІЯ-ФАРМ»,38833236
ТОВАРИСТВО З ОБМЕЖЕНОЮ ВІДПОВІДАЛЬНІСТЮ «СИСТЕМА-ЯКІСТЬ ЖИТТЯ»,42914766
ТОВАРИСТВО З ОБМЕЖЕНОЮ ВІДПОВІДАЛЬНІСТЮ «АПТЕКА ГОРМОНАЛЬНИХ ПРЕПАРАТІВ»,22974151
ТОВАРИСТВО З ОБМЕЖЕНОЮ ВІДПОВІДАЛЬНІСТЮ «КЛІНІКА «МЕД-Б'ЮТІ»,34617510
ТОВАРИСТВО З ОБМЕЖЕНОЮ ВІДПОВІДАЛЬНІСТЮ «ОХОРОНА І БЕЗПЕКА - КИЇВ»,33675629
ТОВАРИСТВО З ОБМЕЖЕНОЮ ВІДПОВІДАЛЬНІСТЮ «ПОЛЮС-ЦЕНТР»,34693738
ТОВАРИСТВО З ОБМЕЖЕНОЮ ВІДПОВІДАЛЬНІСТЮ «УЛЬТРА АЛЬЯНС АСІСТ»,44089491
ПРИВАТНЕ ПІДПРИЄМСТВО «ЗДОРОВ'Я»,31851065
ТОВАРИСТВО З ОБМЕЖЕНОЮ ВІДПОВІДАЛЬНІСТЮ «ІМПЕРІЯ ДИТЯЧИХ РОЗВАГ»,39315931
ПОВНЕ ТОВАРИСТВО «ЛОМБАРД «ТОП» «ІМПЕРІАЛ» АКСЕНТЬЄВ О.О. І КОМПАНІЯ»,40672946
ТОВАРИСТВО З ОБМЕЖЕНОЮ ВІДПОВІДАЛЬНІСТЮ «МЕДИЧНИЙ ЦЕНТР ПРОБЛЕМ БОЛЮ»,38123157
ТОВАРИСТВО З ОБМЕЖЕНОЮ ВІДПОВІДАЛЬНІСТЮ «ОХОРОНА-КИЇВ 5»,42205350
ТОВАРИСТВО З ОБМЕЖЕНОЮ ВІДПОВІДАЛЬНІСТЮ «ФРАГСТОР»,43794608
ТОВАРИСТВО З ОБМЕЖЕНОЮ ВІДПОВІДАЛЬНІСТЮ «ЕСО-АВТОТЕХНІКС»,30721457
ТОВАРИСТВО З ОБМЕЖЕНОЮ ВІДПОВІДАЛЬНІСТЮ «ПАРТНЕР РІТЕЙЛ»,44156583
ПРИВАТНИЙ ВИЩИЙ НАВЧАЛЬНИЙ ЗАКЛАД-ІНСТИТУТ «УКРАЇНСЬКО-АМЕРИКАНСЬКИЙ УНІВЕРСИТЕТ КОНКОРДІЯ»,24265677
ТОВАРИСТВО З ОБМЕЖЕНОЮ ВІДПОВІДАЛЬНІСТЮ «ЕНДОРФІН.»,42244798
ТОВАРИСТВО З ОБМЕЖЕНОЮ ВІДПОВІДАЛЬНІСТЮ «КИЇВ-АРТ»,35265987
ТОВАРИСТВО З ОБМЕЖЕНОЮ ВІДПОВІДАЛЬНІСТЮ «МЕДИЧНИЙ ЦЕНТР «М.Т.К.»,21633086
ТОВАРИСТВО З ОБМЕЖЕНОЮ ВІДПОВІДАЛЬНІСТЮ «УНІВЕРСАМ «ХАРКІВ»,16475610
ТОВАРИСТВО З ОБМЕЖЕНОЮ ВІДПОВІДАЛЬНІСТЮ «ГІПЕРМАРКЕТ БЕЗПЕКИ»,43219610
ТОВАРИСТВО З ОБМЕЖЕНОЮ ВІДПОВІДАЛЬНІСТЮ «МЕДИЧНИЙ ЦЕНТР «МЕДІБЛУМ»,45251499
ТОВАРИСТВО З ОБМЕЖЕНОЮ ВІДПОВІДАЛЬНІСТЮ «А-ТІМ»,43562745
ТОВАРИСТВО З ОБМЕЖЕНОЮ ВІДПОВІДАЛЬНІСТЮ «СТІЛНЕТ»,37826757
ТОВАРИСТВО З ОБМЕЖЕНОЮ ВІДПОВІДАЛЬНІСТЮ «ВІНЕР ТАЙМ»,41720272
ТОВАРИСТВО З ОБМЕЖЕНОЮ ВІДПОВІДАЛЬНІСТЮ «ХМАРНИЙ ПРОЄКТ»,45503421
ТОВАРИСТВО З ОБМЕЖЕНОЮ ВІДПОВІДАЛЬНІСТЮ «АПТЕКА АСКО-ФАРМ»,35016674
ТОВАРИСТВО З ОБМЕЖЕНОЮ ВІДПОВІДАЛЬНІСТЮ «БУДІНФОРМ»,32526406
ТОВАРИСТВО З ОБМЕЖЕНОЮ ВІДПОВІДАЛЬНІСТЮ «СМИДЮК АКАДЕМІЯ ПРОТАСІВ»,44971276
ТОВАРИСТВО З ОБМЕЖЕНОЮ ВІДПОВІДАЛЬНІСТЮ «ЧЕРНОМОРКА НА ПЕЧЕРСЬКУ»,43392032
ТОВАРИСТВО З ОБМЕЖЕНОЮ ВІДПОВІДАЛЬНІСТЮ «ТРЕЙД СІКРЕТ»,42327952
ТОВАРИСТВО З ОБМЕЖЕНОЮ ВІДПОВІДАЛЬНІСТЮ «КЛІНІКА СУЧАСНОЇ ГІНЕКОЛОГІЇ»,40166968
ТОВАРИСТВО З ОБМЕЖЕНОЮ ВІДПОВІДАЛЬНІСТЮ «ЕНВІЛ-СПОРТ»,34839798
ТОВАРИСТВО З ОБМЕЖЕНОЮ ВІДПОВІДАЛЬНІСТЮ «АТЛАНТА»,32416836
ТОВАРИСТВО З ОБМЕЖЕНОЮ ВІДПОВІДАЛЬНІСТЮ «СУШІ БОНУС»,45269375
ТОВАРИСТВО З ОБМЕЖЕНОЮ ВІДПОВІДАЛЬНІСТЮ «ФАБРИКА ЗДОРОВОЇ ЇЖІ»,35998203
ТОВАРИСТВО З ОБМЕЖЕНОЮ ВІДПОВІДАЛЬНІСТЮ «МВМ РЕСТ»,44946103
ТОВАРИСТВО З ОБМЕЖЕНОЮ ВІДПОВІДАЛЬНІСТЮ «СОЛЕНТЕ»,44631861
ТОВАРИСТВО З ОБМЕЖЕНОЮ ВІДПОВІДАЛЬНІСТЮ «ТАС АРЕНА»,32982232
ТОВАРИСТВО З ОБМЕЖЕНОЮ ВІДПОВІДАЛЬНІСТЮ «ТЕРЦА СТРАДА»,45250013
ТОВАРИСТВО З ОБМЕЖЕНОЮ ВІДПОВІДАЛЬНІСТЮ «УКРАЇНСЬКИЙ ЦЕНТР ОБСЛУГОВУВАННЯ ПАСАЖИРІВ НА ЗАЛІЗНИЧНОМУ ТРАНСПОРТІ УКРАЇНИ»(ПАКЦІОНЕРНЕ ТОВАРИСТВО «УЦОП»),31485055
ТОВАРИСТВО З ОБМЕЖЕНОЮ ВІДПОВІДАЛЬНІСТЮ «НУНУ»,45049800
ТОВАРИСТВО З ОБМЕЖЕНОЮ ВІДПОВІДАЛЬНІСТЮ «МІРУМ ФАРМ»,44563687
ПРИВАТНЕ ПІДПРИЄМСТВО «ШАРЛОТТА»,22965318
ТОВАРИСТВО З ОБМЕЖЕНОЮ ВІДПОВІДАЛЬНІСТЮ «ІНТЕРНЕШНЛ ЦЕНТР ЕНІМАЛ КЛІНІК»,43492406
ТОВАРИСТВО З ОБМЕЖЕНОЮ ВІДПОВІДАЛЬНІСТЮ «ФІАНСО»,37634874
ТОВАРИСТВО З ОБМЕЖЕНОЮ ВІДПОВІДАЛЬНІСТЮ «ПОГАНА ДІВЧИНА»,44988830
ТОВАРИСТВО З ОБМЕЖЕНОЮ ВІДПОВІДАЛЬНІСТЮ «ДОКТОР-ПЛЮС»,39256955
ТОВАРИСТВО З ОБМЕЖЕНОЮ ВІДПОВІДАЛЬНІСТЮ «ПРЕСТИЖНА СТОМАТОЛОГІЧНА ДОПОМОГА»,44442974
ТОВАРИСТВО З ОБМЕЖЕНОЮ ВІДПОВІДАЛЬНІСТЮ «ГЕПЮР»,42170213
ТОВАРИСТВО З ОБМЕЖЕНОЮ ВІДПОВІДАЛЬНІСТЮ «ХОТЕЙ 9999»,43702805
ТОВАРИСТВО З ОБМЕЖЕНОЮ ВІДПОВІДАЛЬНІСТЮ «РОМСТАЛ УКРАЇНА»,32346937
ТОВАРИСТВО З ОБМЕЖЕНОЮ ВІДПОВІДАЛЬНІСТЮ «ФОЗЗІ ГРУП ХЕЛС»,44586615
ПРИВАТНЕ ПІДПРИЄМСТВО «БУДПОСТАЧ»,24267110
ТОВАРИСТВО З ОБМЕЖЕНОЮ ВІДПОВІДАЛЬНІСТЮ «КЛІНІКА ОБРАЗЦОВА»,40803614
ТОВАРИСТВО З ОБМЕЖЕНОЮ ВІДПОВІДАЛЬНІСТЮ «АЛЬЯНС-МЕДІА»,32313098
ТОВАРИСТВО З ОБМЕЖЕНОЮ ВІДПОВІДАЛЬНІСТЮ «МАГНІТ РІТЕЙЛ»,44290888
ПРИВАТНА УСТАНОВА «УНІВЕРСИТЕТ «КИЇВСЬКА ШКОЛА ЕКОНОМІКИ»,40762332
ТОВАРИСТВО З ОБМЕЖЕНОЮ ВІДПОВІДАЛЬНІСТЮ «МЕДИЧНИЙ ЦЕНТР «ЗІРКА»,44463423
ТОВАРИСТВО З ОБМЕЖЕНОЮ ВІДПОВІДАЛЬНІСТЮ «ГІТАН»,40201349
ТОВАРИСТВО З ОБМЕЖЕНОЮ ВІДПОВІДАЛЬНІСТЮ «ЕСТЕДЕНТАКС»,31569695
ТОВАРИСТВО З ОБМЕЖЕНОЮ ВІДПОВІДАЛЬНІСТЮ «ЕЙДЖ МЕНЕДЖМЕНТ СІСТЕМ»,40895684
ТОВАРИСТВО З ОБМЕЖЕНОЮ ВІДПОВІДАЛЬНІСТЮ «АМІ ДЕНТАЛ»,43109658
ТОВАРИСТВО З ОБМЕЖЕНОЮ ВІДПОВІДАЛЬНІСТЮ «ДІАВІТА»,39246308
ТОВАРИСТВО З ОБМЕЖЕНОЮ ВІДПОВІДАЛЬНІСТЮ «МАГНУС ПРОПЕРТІ»,44746230
ТОВАРИСТВО З ОБМЕЖЕНОЮ ВІДПОВІДАЛЬНІСТЮ «ЄВРО РЕСУРС»,42833132
ТОВАРИСТВО З ОБМЕЖЕНОЮ ВІДПОВІДАЛЬНІСТЮ «КРЕАТИВ КОМПАНІ УКРАЇНА»,41090698
ТОВАРИСТВО З ОБМЕЖЕНОЮ ВІДПОВІДАЛЬНІСТЮ «РЕСПУБЛІКА СУШИ»,44588078
ДОЧІРНЄ ПІДПРИЄМСТВО «АУДІ ЦЕНТР ВІПОС»,32000038
ТОВАРИСТВО З ОБМЕЖЕНОЮ ВІДПОВІДАЛЬНІСТЮ «МЕДІОЛ»,40347584
ТОВАРИСТВО З ОБМЕЖЕНОЮ ВІДПОВІДАЛЬНІСТЮ «ДДУ ГРУП ЛТД»,43292491
ТОВАРИСТВО З ОБМЕЖЕНОЮ ВІДПОВІДАЛЬНІСТЮ «СПАРКЛІНГ ГРУП»,45143596
ТОВАРИСТВО З ОБМЕЖЕНОЮ ВІДПОВІДАЛЬНІСТЮ «БАРКОН-СТОМАТОЛОГІЯ»,38095544
ТОВАРИСТВО З ОБМЕЖЕНОЮ ВІДПОВІДАЛЬНІСТЮ «АРТВАЙН КОМПАНІ»,42732514
ТОВАРИСТВО З ОБМЕЖЕНОЮ ВІДПОВІДАЛЬНІСТЮ «НІКОЛАБ»,39434956
ТОВАРИСТВО З ОБМЕЖЕНОЮ ВІДПОВІДАЛЬНІСТЮ «ФВСМ»,41325980
ТОВАРИСТВО З ОБМЕЖЕНОЮ ВІДПОВІДАЛЬНІСТЮ «ЛОТОС-КЛАБ»,38898508
БЛАГОДІЙНИЙ ФОНД БЛАГОДІЙНА ОРГАНІЗАЦІЯ «БЛАГОДІЙНИЙ ФОНД «ПРОТЕЗ ФОНДЕЙШН»,44941058
ОСББ «ЖК КОЗАЦЬКИЙ»,42562311
ТОВАРИСТВО З ОБМЕЖЕНОЮ ВІДПОВІДАЛЬНІСТЮ «ПІПІТТО УКРАЇНА»,41337362
ТОВАРИСТВО З ОБМЕЖЕНОЮ ВІДПОВІДАЛЬНІСТЮ «АГРОТЕХСОЮЗ»,23516002
ТОВАРИСТВО З ОБМЕЖЕНОЮ ВІДПОВІДАЛЬНІСТЮ «АЛЮМІКС»,40149195
ТОВАРИСТВО З ОБМЕЖЕНОЮ ВІДПОВІДАЛЬНІСТЮ «РЕКЛАМНА АГЕНЦІЯ «ЛАЙВ МАРКЕТИНГ УКРАЇНА»,45653121
ТОВАРИСТВО З ОБМЕЖЕНОЮ ВІДПОВІДАЛЬНІСТЮ «АКСІОМА -ДЕНТ»,40990667
ТОВАРИСТВО З ОБМЕЖЕНОЮ ВІДПОВІДАЛЬНІСТЮ «ДОКТОР ФІЛІН»,36484040
ТОВАРИСТВО З ОБМЕЖЕНОЮ ВІДПОВІДАЛЬНІСТЮ «О'ХАНГРІ МАЙСТЕРНЯ М'ЯСА»,45311730
ТОВАРИСТВО З ОБМЕЖЕНОЮ ВІДПОВІДАЛЬНІСТЮ «ДОНАРЕ ВІТА»,45005721
ТОВАРИСТВО З ОБМЕЖЕНОЮ ВІДПОВІДАЛЬНІСТЮ «МП-КИЇВ»,43422208
ТОВАРИСТВО З ОБМЕЖЕНОЮ ВІДПОВІДАЛЬНІСТЮ «ЛАНЦЕТ ХХІ СТОРІЧЧЯ»,36927275
ТОВАРИСТВО З ОБМЕЖЕНОЮ ВІДПОВІДАЛЬНІСТЮ «АССА ДЕНТАЛ ГРУП»,39221676
ТОВАРИСТВО З ОБМЕЖЕНОЮ ВІДПОВІДАЛЬНІСТЮ «ВІРДЖИН ІЗАКАЯ АРСЕНАЛ»,44792025
ТОВАРИСТВО З ОБМЕЖЕНОЮ ВІДПОВІДАЛЬНІСТЮ «ПРОПЕРТІ МЕНЕДЖМЕНТ СОЛЮШИНС ТУ»,40988637
ТОВАРИСТВО З ОБМЕЖЕНОЮ ВІДПОВІДАЛЬНІСТЮ «БЕЗПАЛЮК СТОМАТОЛОГІЧНА КЛІНІКА»,43875016
ТОВАРИСТВО З ОБМЕЖЕНОЮ ВІДПОВІДАЛЬНІСТЮ «ГЛОБАЛ ГЕЙМ»,40668950
АКЦІОНЕРНЕ ТОВАРИСТВО «МОТОР-БАНК»,35345213
ТОВАРИСТВО З ОБМЕЖЕНОЮ ВІДПОВІДАЛЬНІСТЮ «ЕСПРЕСІОНІСТИ ПАРТНЕРШІП»,42405375
ТОВАРИСТВО З ОБМЕЖЕНОЮ ВІДПОВІДАЛЬНІСТЮ «ПРОМАКС БЕТОННІ ЗАВОДИ»,45428023
"ПРИВАТНА ОРГАНІЗАЦІЯ (УСТАНОВА, ЗАКЛАД) ПРИВАТНИЙ ЗАКЛАД «ЗАКЛАД ЗАГАЛЬНОЇ СЕРЕДНЬОЇ ОСВІТИ І-ІІІ СТУПЕНІВ «ТОТОША ХАЙ-МАЙНДЗ СКУЛ»",43591084
ТОВАРИСТВО З ОБМЕЖЕНОЮ ВІДПОВІДАЛЬНІСТЮ «КИЇВСЬКА МІСЬКА РОСТЕРІЯ»,43395502
МАЛЕ ПРИВАТНЕ БАГАТОПРОФІЛЬНЕ ПІДПРИЄМСТВО ФІРМА «ЗОДІАК-2»,19136452
ТОВАРИСТВО З ОБМЕЖЕНОЮ ВІДПОВІДАЛЬНІСТЮ «ЯДРО ІНТЕРАКТИВ»,41069247
ТОВАРИСТВО З ОБМЕЖЕНОЮ ВІДПОВІДАЛЬНІСТЮ «КУЛДІМ»,42657757
ТОВАРИСТВО З ОБМЕЖЕНОЮ ВІДПОВІДАЛЬНІСТЮ «ОПТІМА ХОТЕЛ МЕНЕДЖМЕНТ»,35850930
ТОВАРИСТВО З ОБМЕЖЕНОЮ ВІДПОВІДАЛЬНІСТЮ ТОРГОВИЙ ДІМ «УКРЛАДА»,30979427
ТОВАРИСТВО З ОБМЕЖЕНОЮ ВІДПОВІДАЛЬНІСТЮ «ТРИ Т»,31520251
ТОВАРИСТВО З ОБМЕЖЕНОЮ ВІДПОВІДАЛЬНІСТЮ «САЯТ НОВА ФУД»,43939844
ТОВАРИСТВО З ОБМЕЖЕНОЮ ВІДПОВІДАЛЬНІСТЮ «АЙТІ ПРОГРЕС ГРУП»,45107935
ТОВАРИСТВО З ОБМЕЖЕНОЮ ВІДПОВІДАЛЬНІСТЮ «ВСЕСВІТ ОПТИКИ»,45446587
ТОВАРИСТВО З ОБМЕЖЕНОЮ ВІДПОВІДАЛЬНІСТЮ «ЧЕКАП МЕДІКАЛ»,45595163
ТОВАРИСТВО З ОБМЕЖЕНОЮ ВІДПОВІДАЛЬНІСТЮ «ДЕНТАЛ СТОРІ»,43658589
ТОВАРИСТВО З ОБМЕЖЕНОЮ ВІДПОВІДАЛЬНІСТЮ «ЕСЛІ»,16283922
ТОВАРИСТВО З ОБМЕЖЕНОЮ ВІДПОВІДАЛЬНІСТЮ «АСК «КУДРЯВСЬКИЙ»,19364615
ТОВАРИСТВО З ОБМЕЖЕНОЮ ВІДПОВІДАЛЬНІСТЮ «ТОВСТА КАЧКА»,44893680
ТОВАРИСТВО З ОБМЕЖЕНОЮ ВІДПОВІДАЛЬНІСТЮ «МЕДИЧНИЙ ЦЕНТР ЛІОР»,43288176
ТОВАРИСТВО З ОБМЕЖЕНОЮ ВІДПОВІДАЛЬНІСТЮ «ЛЕМУР»,42168864
ТОВАРИСТВО З ОБМЕЖЕНОЮ ВІДПОВІДАЛЬНІСТЮ «РЕД ПРОМОУШН»,42330001
ТОВАРИСТВО З ОБМЕЖЕНОЮ ВІДПОВІДАЛЬНІСТЮ «АЙ ПІ ФАРМАЦІЯ»,39234989
ТОВАРИСТВО З ОБМЕЖЕНОЮ ВІДПОВІДАЛЬНІСТЮ «Л'АРТ ГАЛЕРЕЯ»,41687466
ТОВАРИСТВО З ОБМЕЖЕНОЮ ВІДПОВІДАЛЬНІСТЮ «ЕКВІЛІБРІУМ ТРЕЙД»,32379475
ТОВАРИСТВО З ОБМЕЖЕНОЮ ВІДПОВІДАЛЬНІСТЮ «ЕРА ЗОО»,44483570
ТОВАРИСТВО З ОБМЕЖЕНОЮ ВІДПОВІДАЛЬНІСТЮ «ПРОЛЕГО ЕСТЕЙТ»,37102870
ТОВАРИСТВО З ОБМЕЖЕНОЮ ВІДПОВІДАЛЬНІСТЮ «ВЕРТИКАЛЬ-2012»,37935826
ТОВАРИСТВО З ОБМЕЖЕНОЮ ВІДПОВІДАЛЬНІСТЮ «КАСПІЙ 777»,43532354
ТОВАРИСТВО З ОБМЕЖЕНОЮ ВІДПОВІДАЛЬНІСТЮ «ФІНАНСОВА КОМПАНІЯ «ЛІБЕРТІ ФІНАНС»,39806926
ТОВАРИСТВО З ОБМЕЖЕНОЮ ВІДПОВІДАЛЬНІСТЮ «БУДТРАНСЕРВІС»,40324400
ТОВАРИСТВО З ОБМЕЖЕНОЮ ВІДПОВІДАЛЬНІСТЮ «АВТОМОБІЛЬНА КОМПАНІЯ «СЕРВІСАВТОТРЕЙДІНГ»»,33099146
ТОВАРИСТВО З ОБМЕЖЕНОЮ ВІДПОВІДАЛЬНІСТЮ «МЕДИЧНИЙ ЦЕНТР ДЕРМАТОЛОГІЇ ТА АЛЕРГОЛОГІЇ»,36547084
ТОВАРИСТВО З ОБМЕЖЕНОЮ ВІДПОВІДАЛЬНІСТЮ УКРАЇНСЬКО-АМЕРИКАНСЬКЕ СПІЛЬНЕ ПІДПРИЄМСТВО В ФОРМІ ТОВАРИСТВА З ОБМЕЖЕНОЮ ВІДПОВІДАЛЬНІСТЮ «АМЕРИКАНСЬКА ХІМЧИСТКА»,22909716
ТОВАРИСТВО З ОБМЕЖЕНОЮ ВІДПОВІДАЛЬНІСТЮ «ГИКАЧ»,43688147
ТОВАРИСТВО З ОБМЕЖЕНОЮ ВІДПОВІДАЛЬНІСТЮ «КЛБ ТАПРУМ»,44683134
ДП «АВТОТРЕЙДІНГ - ЦЕНТР»,31904132
ТОВАРИСТВО З ОБМЕЖЕНОЮ ВІДПОВІДАЛЬНІСТЮ «АЙКОН СІТІ»,45346370
ТОВАРИСТВО З ОБМЕЖЕНОЮ ВІДПОВІДАЛЬНІСТЮ «АЗОФФСЬКИЙ»,44985760
ТОВАРИСТВО З ОБМЕЖЕНОЮ ВІДПОВІДАЛЬНІСТЮ «ТВОРЧА МАЙСТЕРНЯ «ПРЕСТИЖ»,31902622
ТОВАРИСТВО З ОБМЕЖЕНОЮ ВІДПОВІДАЛЬНІСТЮ «СМАРТ АПТЕКА»,45150912
ТОВАРИСТВО З ОБМЕЖЕНОЮ ВІДПОВІДАЛЬНІСТЮ «ДЕНТАЛ ОФІС»,45278615
ТОВАРИСТВО З ОБМЕЖЕНОЮ ВІДПОВІДАЛЬНІСТЮ «ОРТО ЛАЙН»,43055435
ТОВАРИСТВО З ОБМЕЖЕНОЮ ВІДПОВІДАЛЬНІСТЮ «ДИСТРИБЬЮТОРСЬКА КОМПАНІЯ ЛІКС»,32243468
ТОВАРИСТВО З ОБМЕЖЕНОЮ ВІДПОВІДАЛЬНІСТЮ «ЮПІТЕР МАКС»,45219696
ТОВАРИСТВО З ОБМЕЖЕНОЮ ВІДПОВІДАЛЬНІСТЮ «ВАВІЛОН СТАР»,45229018
ПРИВАТНЕ ПІДПРИЄМСТВО «Ю К А»,36853140
ТОВАРИСТВО З ОБМЕЖЕНОЮ ВІДПОВІДАЛЬНІСТЮ «ЛАПАЛАБ»,42700310
ТОВАРИСТВО З ОБМЕЖЕНОЮ ВІДПОВІДАЛЬНІСТЮ «ІННОВАЦІЇ СЬОГОДНІ»,43872565
ТОВАРИСТВО З ОБМЕЖЕНОЮ ВІДПОВІДАЛЬНІСТЮ «РІВАЙВАЛ БАР»,45045869
ТОВАРИСТВО З ОБМЕЖЕНОЮ ВІДПОВІДАЛЬНІСТЮ «КАПІТАЛ МАРКЕТ ГРУП»,45135130
ТОВАРИСТВО З ОБМЕЖЕНОЮ ВІДПОВІДАЛЬНІСТЮ «АГРОЛЮКС»,4219669
ТОВАРИСТВО З ОБМЕЖЕНОЮ ВІДПОВІДАЛЬНІСТЮ «СОРОКА ВАЙН БАР»,45146073
ДЕРЖАВНЕ ПІДПРИЄМСТВО «ПОЛІГРАФІЧНИЙ КОМБІНАКЦІОНЕРНЕ ТОВАРИСТВО «УКРАЇНА» ПО ВИГОТОВЛЕННЮ ЦІННИХ ПАПЕРІВ»,16286441
ТОВАРИСТВО З ОБМЕЖЕНОЮ ВІДПОВІДАЛЬНІСТЮ «ВНЗ «АМЕРІКАН ЮНІВЕРСІТІ КИЇВ»,43634285
ТОВАРИСТВО З ОБМЕЖЕНОЮ ВІДПОВІДАЛЬНІСТЮ «ТОРГОВИЙ ДІМ «С-ПРОФ»,39031869
ТОВАРИСТВО З ОБМЕЖЕНОЮ ВІДПОВІДАЛЬНІСТЮ «АПТЕКА ТВОГО МІСТА»,38510915
ТОВАРИСТВО З ОБМЕЖЕНОЮ ВІДПОВІДАЛЬНІСТЮ «СТОРГОМ»,41634330
ТОВАРИСТВО З ОБМЕЖЕНОЮ ВІДПОВІДАЛЬНІСТЮ «ЛИБІДЬ-А»,43881868
ТОВАРИСТВО З ОБМЕЖЕНОЮ ВІДПОВІДАЛЬНІСТЮ «ФК «А ФІНАНС»,41919171
ТОВАРИСТВО З ОБМЕЖЕНОЮ ВІДПОВІДАЛЬНІСТЮ «ФРЕШ МАРКЕТ»,45248863
ТОВАРИСТВО З ОБМЕЖЕНОЮ ВІДПОВІДАЛЬНІСТЮ «МЕДИЧНИЙ ЦЕНТР «РАЗОМ»,45210955
ТОВАРИСТВО З ОБМЕЖЕНОЮ ВІДПОВІДАЛЬНІСТЮ «М.П.К»,44286646
ТОВАРИСТВО З ОБМЕЖЕНОЮ ВІДПОВІДАЛЬНІСТЮ «О.М.С.»,41971823
ТОВАРИСТВО З ОБМЕЖЕНОЮ ВІДПОВІДАЛЬНІСТЮ «ДИЗАЙНЕРСЬКА АГЕНЦІЯ РЕМОНТУ»,45471168
ТОВАРИСТВО З ОБМЕЖЕНОЮ ВІДПОВІДАЛЬНІСТЮ «МЕДИЧНИЙ ЦЕНТР «КОНСИЛІУМ МЕДІКАЛ»,40056326
ТОВАРИСТВО З ОБМЕЖЕНОЮ ВІДПОВІДАЛЬНІСТЮ «КІДС ЕНД КО»,45537438
ТОВАРИСТВО З ОБМЕЖЕНОЮ ВІДПОВІДАЛЬНІСТЮ «ФРАНС РИТЦ»,44799539
ТОВАРИСТВО З ОБМЕЖЕНОЮ ВІДПОВІДАЛЬНІСТЮ «АЛЛО»,30012848
ТОВАРИСТВО З ОБМЕЖЕНОЮ ВІДПОВІДАЛЬНІСТЮ «ДЕНТІСТМЕН»,43441021
ТОВАРИСТВО З ОБМЕЖЕНОЮ ВІДПОВІДАЛЬНІСТЮ «ЛБ-СУШИ»,41258731
ТОВАРИСТВО З ОБМЕЖЕНОЮ ВІДПОВІДАЛЬНІСТЮ «РАДІ»,44482006
ТОВАРИСТВО З ОБМЕЖЕНОЮ ВІДПОВІДАЛЬНІСТЮ «ФОРВАРД-ОРТО»,43863110
ТОВАРИСТВО З ОБМЕЖЕНОЮ ВІДПОВІДАЛЬНІСТЮ «ЮКРЕЙНІАН ГЛОБАЛ СКУЛ»,42517340
ТОВАРИСТВО З ОБМЕЖЕНОЮ ВІДПОВІДАЛЬНІСТЮ «МЕДИЧНИЙ ЦЕНТР ІГР»,38441428
ТОВАРИСТВО З ОБМЕЖЕНОЮ ВІДПОВІДАЛЬНІСТЮ «СІМЕЙНИЙ ЦЕНТР ЗДОРОВ'Я»,43570494
АКЦІОНЕРНЕ ТОВАРИСТВО «КИЇВСЬКА ВИРОБНИЧА КОМПАНІЯ «РАПІД»,5475156
ТОВАРИСТВО З ОБМЕЖЕНОЮ ВІДПОВІДАЛЬНІСТЮ «ФТП»,37888626
ТОВАРИСТВО З ОБМЕЖЕНОЮ ВІДПОВІДАЛЬНІСТЮ «АПТЕКА ДОБРОГО ДНЯ-КИЇВ»,39449339
ТОВАРИСТВО З ОБМЕЖЕНОЮ ВІДПОВІДАЛЬНІСТЮ «САТГУРУ ТРЕВЕЛ ЕНД ТОУРС СЕРВІС»,42359701
ТОВАРИСТВО З ОБМЕЖЕНОЮ ВІДПОВІДАЛЬНІСТЮ «ГУД СНЕК»,42998909
ТОВАРИСТВО З ОБМЕЖЕНОЮ ВІДПОВІДАЛЬНІСТЮ «4КОЛЕСА»,44688499
ТОВАРИСТВО З ОБМЕЖЕНОЮ ВІДПОВІДАЛЬНІСТЮ «ТРАНСПОРТНИЙ ХОЛДІНГ «ТВІСТ»,40617864
ТОВАРИСТВО З ОБМЕЖЕНОЮ ВІДПОВІДАЛЬНІСТЮ «ХЕЛСІ СМАЙЛ»,44704892
ТОВАРИСТВО З ОБМЕЖЕНОЮ ВІДПОВІДАЛЬНІСТЮ «УКРСЕЛТ»,32244862
ТОВАРИСТВО З ОБМЕЖЕНОЮ ВІДПОВІДАЛЬНІСТЮ «БІР-ЛЕНД»,43275130
АКЦІОНЕРНЕ ТОВАРИСТВО «КВАЛІФІКАЦІЙНИЙ ЗАКРИТИЙ КОРПОРАТИВНИЙ ІНВЕСТИЦІЙНИЙ ФОНД «СІЛЬВЕР ІНВЕСТМЕНТ»,44601706
ТОВАРИСТВО З ОБМЕЖЕНОЮ ВІДПОВІДАЛЬНІСТЮ «МАДІАНІ ФУД ХОЛДИНГ»,45382775
ТОВАРИСТВО З ОБМЕЖЕНОЮ ВІДПОВІДАЛЬНІСТЮ «РЕМІЗ-ДЕНТАЛ»,32882670
ТОВАРИСТВО З ОБМЕЖЕНОЮ ВІДПОВІДАЛЬНІСТЮ «ПУЛЬС ВТОРИНКА»,44386119
ТОВАРИСТВО З ОБМЕЖЕНОЮ ВІДПОВІДАЛЬНІСТЮ «ОСНОВА-СОЛСИФ»,20057315
ТОВАРИСТВО З ОБМЕЖЕНОЮ ВІДПОВІДАЛЬНІСТЮ «ЕНЕРДЖИ ХАБ»,44414727
ТОВАРИСТВО З ОБМЕЖЕНОЮ ВІДПОВІДАЛЬНІСТЮ «ШОТАМ»,42153046
ТОВАРИСТВО З ОБМЕЖЕНОЮ ВІДПОВІДАЛЬНІСТЮ «ЦЕНТР НЕВІДКЛАДНОЇ ПУЛЬМОНОЛОГІЇ»,22890661
ТОВАРИСТВО З ОБМЕЖЕНОЮ ВІДПОВІДАЛЬНІСТЮ «СТОЛИЦЯ ГРУП»,36175203
ТОВАРИСТВО З ОБМЕЖЕНОЮ ВІДПОВІДАЛЬНІСТЮ «КІСЕРУ»,45447748
ПРИВАТНЕ АКЦІОНЕРНЕ ТОВАРИСТВО «МАНДАРИН ПЛАЗА»,30675610
ТОВАРИСТВО З ОБМЕЖЕНОЮ ВІДПОВІДАЛЬНІСТЮ «БРІСТОЛЬ»,41620527
ТОВАРИСТВО З ОБМЕЖЕНОЮ ВІДПОВІДАЛЬНІСТЮ «ЛАЙФ СКАН»,41935984
ТОВАРИСТВО З ОБМЕЖЕНОЮ ВІДПОВІДАЛЬНІСТЮ «ГРУПА ВЕНЕТО»,39457891
ТОВАРИСТВО З ОБМЕЖЕНОЮ ВІДПОВІДАЛЬНІСТЮ «КОМФОРТНА АПТЕКА»,44858908
ТОВАРИСТВО З ОБМЕЖЕНОЮ ВІДПОВІДАЛЬНІСТЮ «ЕЛЕКТРО МОБІЛІТІ»,44839644
ТОВАРИСТВО З ОБМЕЖЕНОЮ ВІДПОВІДАЛЬНІСТЮ «ЕНШУРІА МЕДІКАЛ УКРАЇНА»,39467562
ТОВАРИСТВО З ОБМЕЖЕНОЮ ВІДПОВІДАЛЬНІСТЮ «ҐЕШТАЛЬТ КОНСАЛТ»,43556925
АКЦІОНЕРНЕ ТОВАРИСТВО «УКРАЇНСЬКИЙ НАУКОВО-ДОСЛІДНИЙ ІНСТИТУТ СПЕЦІАЛЬНИХ ВИДІВ ДРУКУ» КОРПОРАТИВНЕ ПІДПРИЄМСТВО ДАК «УКРВИДАВПОЛІГРАФІЯ»,2426463
ТОВАРИСТВО З ОБМЕЖЕНОЮ ВІДПОВІДАЛЬНІСТЮ «ГАЛЄОС ІНВЕСТ»,44652808
ТОВАРИСТВО З ОБМЕЖЕНОЮ ВІДПОВІДАЛЬНІСТЮ «КУА «БУДКЕПІТАЛ СІТІ»,44883426
ТОВАРИСТВО З ОБМЕЖЕНОЮ ВІДПОВІДАЛЬНІСТЮ «ІБІС МОТОР»,45225233
ТОВАРИСТВО З ОБМЕЖЕНОЮ ВІДПОВІДАЛЬНІСТЮ «БОТАНІК ФЛАУЕР ГРУП»,45616383
ТОВАРИСТВО З ОБМЕЖЕНОЮ ВІДПОВІДАЛЬНІСТЮ «СМАГА ДЕНТАЛ КЛІНІК»,40784843
ТОВАРИСТВО З ОБМЕЖЕНОЮ ВІДПОВІДАЛЬНІСТЮ «БІ-АН»,39186705
ТОВАРИСТВО З ОБМЕЖЕНОЮ ВІДПОВІДАЛЬНІСТЮ «ДЖОНІ»,43911038
ТОВАРИСТВО З ОБМЕЖЕНОЮ ВІДПОВІДАЛЬНІСТЮ «РС ГРУП ЮКРЕЙН»,45645964
ДП «ІДЕАЛ - ДИСТРИБУЦІЯ»,31596954
ПРИВАТНЕ ПІДПРИЄМСТВО «ІНТЕРНЕТ МАГАЗИН «БАЗА»,41466290
ТОВАРИСТВО З ОБМЕЖЕНОЮ ВІДПОВІДАЛЬНІСТЮ «АЙ ПІ МЕД»,43985377
ТОВАРИСТВО З ОБМЕЖЕНОЮ ВІДПОВІДАЛЬНІСТЮ «СТУДІЯ 32»,37038930
ТОВАРИСТВО З ОБМЕЖЕНОЮ ВІДПОВІДАЛЬНІСТЮ «АНТЛІ»,43278079
ТОВАРИСТВО З ОБМЕЖЕНОЮ ВІДПОВІДАЛЬНІСТЮ «ВЄРОНА ПЛЮС»,43898494
АКЦІОНЕРНЕ ТОВАРИСТВО «СК «ВУСО»,31650052
ТОВАРИСТВО З ОБМЕЖЕНОЮ ВІДПОВІДАЛЬНІСТЮ «СІРІУС ДЕВЕЛОПМЕНТ»,45207633
ТОВАРИСТВО З ОБМЕЖЕНОЮ ВІДПОВІДАЛЬНІСТЮ «ЛАДА-СПОРТ»,24836524
ТОВАРИСТВО З ОБМЕЖЕНОЮ ВІДПОВІДАЛЬНІСТЮ «ГЛЄСО»,42123048
ТОВАРИСТВО З ОБМЕЖЕНОЮ ВІДПОВІДАЛЬНІСТЮ «СУР'Я ЛТД»,43699908
ТОВАРИСТВО З ОБМЕЖЕНОЮ ВІДПОВІДАЛЬНІСТЮ «ЮРАЙКО»,45264658
ТОВАРИСТВО З ОБМЕЖЕНОЮ ВІДПОВІДАЛЬНІСТЮ «ТАСА-8»,44155286
ТОВАРИСТВО З ОБМЕЖЕНОЮ ВІДПОВІДАЛЬНІСТЮ «СМІЛИВІСТЬ 2022»,44845443
АО «АГАРД»,42845279
ТОВАРИСТВО З ОБМЕЖЕНОЮ ВІДПОВІДАЛЬНІСТЮ «ЮРІЯ-ФАРМ»,30109129
ТОВАРИСТВО З ОБМЕЖЕНОЮ ВІДПОВІДАЛЬНІСТЮ «АТЛАНТ МОТОРЗ ЕНЕРДЖІ»,44950413
ТОВАРИСТВО З ОБМЕЖЕНОЮ ВІДПОВІДАЛЬНІСТЮ «НОВА КІНОСТОЛИЦЯ»,45172119
ТОВАРИСТВО З ОБМЕЖЕНОЮ ВІДПОВІДАЛЬНІСТЮ «АЛАЗАНІ 24»,45548963
ТОВАРИСТВО З ОБМЕЖЕНОЮ ВІДПОВІДАЛЬНІСТЮ «ТВІЙ НАЙКРАЩИЙ ФЕСТИВАЛЬ»,42580632
ТОВАРИСТВО З ОБМЕЖЕНОЮ ВІДПОВІДАЛЬНІСТЮ «СТОМАТОЛОГІЯ «СМАЙЛ»,33632229
ТОВАРИСТВО З ОБМЕЖЕНОЮ ВІДПОВІДАЛЬНІСТЮ «ФРАНИК КИЇВ»,45463340
ТОВАРИСТВО З ОБМЕЖЕНОЮ ВІДПОВІДАЛЬНІСТЮ «ВАЙБ ІКС»,45637864
ТОВАРИСТВО З ОБМЕЖЕНОЮ ВІДПОВІДАЛЬНІСТЮ «ВАРОМ-26»,44886233
ТОВАРИСТВО З ОБМЕЖЕНОЮ ВІДПОВІДАЛЬНІСТЮ «АМЕРИКАНСЬКА ЛЕГЕНДА»,33600532
ТОВАРИСТВО З ОБМЕЖЕНОЮ ВІДПОВІДАЛЬНІСТЮ «ЦЕНТР СІМЕЙНОЇ МЕДИЦИНИ ТА ІНТЕГРОВАНИХ ПОСЛУГ «КЛІНІКА СІМЕЙНОГО ЗДОРОВ'Я»,45254699
ТОВАРИСТВО З ОБМЕЖЕНОЮ ВІДПОВІДАЛЬНІСТЮ «С.Т.О.Р.»,23535946
ТОВАРИСТВО З ОБМЕЖЕНОЮ ВІДПОВІДАЛЬНІСТЮ «МЕНС САНА»,38887496
ТОВАРИСТВО З ОБМЕЖЕНОЮ ВІДПОВІДАЛЬНІСТЮ «ЦЕНТР ІМПЛАНТАЦІЇ «С ДЕНТАЛ»,43260522
ТОВАРИСТВО З ОБМЕЖЕНОЮ ВІДПОВІДАЛЬНІСТЮ «СЕКУР ГРУП»,42368695
ТОВАРИСТВО З ОБМЕЖЕНОЮ ВІДПОВІДАЛЬНІСТЮ «А.Н. ІМПОРТ»,43765179
ТОВАРИСТВО З ОБМЕЖЕНОЮ ВІДПОВІДАЛЬНІСТЮ «П'ЯНА ВИШНЯ КИЇВ»,45517867
ВІДКРИТЕ АКЦІОНЕРНЕ ТОВАРИСТВО «МЕРИДІАН» ІМ.С.П.КОРОЛЬОВА,14312973
ПРИВАТНЕ АКЦІОНЕРНЕ ТОВАРИСТВО «ГАЗТРАНЗИТ» З ІНОЗЕМНИМИ ІНВЕСТИЦІЯМИ»,25273549
ТОВАРИСТВО З ОБМЕЖЕНОЮ ВІДПОВІДАЛЬНІСТЮ «АТРЕЙД 2025»,45786269
ТОВАРИСТВО З ОБМЕЖЕНОЮ ВІДПОВІДАЛЬНІСТЮ «МАРКСЕМ»,45247807
ТОВАРИСТВО З ОБМЕЖЕНОЮ ВІДПОВІДАЛЬНІСТЮ «ЕЙРДОК»,44109292
ТОВАРИСТВО З ОБМЕЖЕНОЮ ВІДПОВІДАЛЬНІСТЮ «КАПО»,43229739
ТОВАРИСТВО З ОБМЕЖЕНОЮ ВІДПОВІДАЛЬНІСТЮ «БАЯДЕРА ЛОГІСТИК»,35871504
ТОВАРИСТВО З ОБМЕЖЕНОЮ ВІДПОВІДАЛЬНІСТЮ «КАЛМ ДЕРМАТОЛОГІЯ»,45295468
ТОВАРИСТВО З ОБМЕЖЕНОЮ ВІДПОВІДАЛЬНІСТЮ «СК БІЗНЕС»,25198859
ТОВАРИСТВО З ОБМЕЖЕНОЮ ВІДПОВІДАЛЬНІСТЮ «АЕРОДІУМ КИЇВ»,44228521
ТОВАРИСТВО З ОБМЕЖЕНОЮ ВІДПОВІДАЛЬНІСТЮ «МОДЕЛЬ-Т»,23741354
ТОВАРИСТВО З ОБМЕЖЕНОЮ ВІДПОВІДАЛЬНІСТЮ «ВУДСІСТЕМС БІЗНЕС»,44961074
ТОВАРИСТВО З ОБМЕЖЕНОЮ ВІДПОВІДАЛЬНІСТЮ «ВЛАСНА ЗБРОЯ»,45486347
ТОВАРИСТВО З ОБМЕЖЕНОЮ ВІДПОВІДАЛЬНІСТЮ «ДЖАЗ-КЛУБ»,25398541
ТОВАРИСТВО З ОБМЕЖЕНОЮ ВІДПОВІДАЛЬНІСТЮ «ВОЯЖ СПОРТ»,32885755
ТОВАРИСТВО З ОБМЕЖЕНОЮ ВІДПОВІДАЛЬНІСТЮ «ВОРВАРТС ФАРМА»,42071629
ТОВАРИСТВО З ОБМЕЖЕНОЮ ВІДПОВІДАЛЬНІСТЮ «ТРІНІТІ-СБ»,34186648
ТОВАРИСТВО З ОБМЕЖЕНОЮ ВІДПОВІДАЛЬНІСТЮ «ДАКАР «ФУД-ЗОНА»,36086716
ТОВАРИСТВО З ОБМЕЖЕНОЮ ВІДПОВІДАЛЬНІСТЮ «ПРИВАТІНВЕСТ»,21550555
ТОВАРИСТВО З ОБМЕЖЕНОЮ ВІДПОВІДАЛЬНІСТЮ «РОДОРС»,39331911
ТОВАРИСТВО З ОБМЕЖЕНОЮ ВІДПОВІДАЛЬНІСТЮ «СПОРТ АКТИВ ПЛЮС»,43103923
СПІЛЬНЕ УКРАЇНСЬКО-ВЕЛИКОБРИТАНСЬКЕ ТОВАРИСТВО З ОБМЕЖЕНОЮ ВІДПОВІДАЛЬНІСТЮ «НИВА ПЕРЕЯСЛАВЩИНИ»,25564175
ТОВАРИСТВО З ОБМЕЖЕНОЮ ВІДПОВІДАЛЬНІСТЮ «КОНТРАКТОВА»,45599190
ТОВАРИСТВО З ОБМЕЖЕНОЮ ВІДПОВІДАЛЬНІСТЮ «ЗІРАК»,42888684
ТОВАРИСТВО З ОБМЕЖЕНОЮ ВІДПОВІДАЛЬНІСТЮ «НАШ СЕРВІС»,37534165
ТОВАРИСТВО З ОБМЕЖЕНОЮ ВІДПОВІДАЛЬНІСТЮ «ДЖЕНБОРІ ЮА»,34530833
ТОВАРИСТВО З ОБМЕЖЕНОЮ ВІДПОВІДАЛЬНІСТЮ «АУРУМ ГРУП»,40721741
ТОВАРИСТВО З ОБМЕЖЕНОЮ ВІДПОВІДАЛЬНІСТЮ «РЕД БАРБЕЛЛ»,44890957
ТОВАРИСТВО З ОБМЕЖЕНОЮ ВІДПОВІДАЛЬНІСТЮ «ПЕРША ЮРИДИЧНА»,35922033
ТОВАРИСТВО З ОБМЕЖЕНОЮ ВІДПОВІДАЛЬНІСТЮ «МЕТАЛО ГАЛЬВА УКРАЇНА»,36086606
ТОВАРИСТВО З ОБМЕЖЕНОЮ ВІДПОВІДАЛЬНІСТЮ «ІННЕТ»,34750544
ТОВАРИСТВО З ОБМЕЖЕНОЮ ВІДПОВІДАЛЬНІСТЮ «ЕКСТЕНЗІ ТЕКСТИЛЬ»,45045078
ТОВАРИСТВО З ОБМЕЖЕНОЮ ВІДПОВІДАЛЬНІСТЮ «МЕДИЧНИЙ ЦЕНТР «МЕДІКАП»,38574041
ТОВАРИСТВО З ОБМЕЖЕНОЮ ВІДПОВІДАЛЬНІСТЮ «ДІФРЕЙТ»,44384970
ТОВАРИСТВО З ОБМЕЖЕНОЮ ВІДПОВІДАЛЬНІСТЮ «МЕДИЧНИЙ ЦЕНТР «МЕДАНТА»,41228157
ТОВАРИСТВО З ОБМЕЖЕНОЮ ВІДПОВІДАЛЬНІСТЮ «СЧАСТЬЕ ЕСТЬ»,43674019
ТОВАРИСТВО З ОБМЕЖЕНОЮ ВІДПОВІДАЛЬНІСТЮ «МЕДИЧНИЙ ЦЕНТР «МЕДІОРА»,37431843
ТОВАРИСТВО З ОБМЕЖЕНОЮ ВІДПОВІДАЛЬНІСТЮ «СКМ-1»,44501306
ТОВАРИСТВО З ОБМЕЖЕНОЮ ВІДПОВІДАЛЬНІСТЮ «ТРЦ ЛАВИНА»,38537759
ТОВАРИСТВО З ОБМЕЖЕНОЮ ВІДПОВІДАЛЬНІСТЮ «ПЬЄ-ДЕ-ПУЛЬ КИЇВ»,45209981
ТОВАРИСТВО З ОБМЕЖЕНОЮ ВІДПОВІДАЛЬНІСТЮ «ГРІНЛАЙН +»,45826374
ТОВАРИСТВО З ОБМЕЖЕНОЮ ВІДПОВІДАЛЬНІСТЮ «ФАЙНЛАЙН»,43285636
АКЦІОНЕРНЕ ТОВАРИСТВО «УКРТЕЛЕКОМ»,21560766
ТОВАРИСТВО З ОБМЕЖЕНОЮ ВІДПОВІДАЛЬНІСТЮ «СЕНС ПРО»,45737447
ТОВАРИСТВО З ОБМЕЖЕНОЮ ВІДПОВІДАЛЬНІСТЮ «АРТ ОФ КУКІНГ»,39692325
ТОВАРИСТВО З ОБМЕЖЕНОЮ ВІДПОВІДАЛЬНІСТЮ «МІНШАУРМИ-2»,44827120
ТОВАРИСТВО З ОБМЕЖЕНОЮ ВІДПОВІДАЛЬНІСТЮ «ҐОРО ДЕВЕЛОПМЕНТ»,44499266
ТОВАРИСТВО З ОБМЕЖЕНОЮ ВІДПОВІДАЛЬНІСТЮ «МЕТРОПОЛІЯ ТРЕЙД»,43113800
ТОВАРИСТВО З ОБМЕЖЕНОЮ ВІДПОВІДАЛЬНІСТЮ «АВТОХАУС ВІПОС»,42631978
ТОВАРИСТВО З ОБМЕЖЕНОЮ ВІДПОВІДАЛЬНІСТЮ «ДОМЕТІ ЛТД»,39200834
ТОВАРИСТВО З ОБМЕЖЕНОЮ ВІДПОВІДАЛЬНІСТЮ «ІНТЕРМЕД ПРОФІ»,39828617
ТОВАРИСТВО З ОБМЕЖЕНОЮ ВІДПОВІДАЛЬНІСТЮ «ГЕЛІАНТУС»,25404052
ТОВАРИСТВО З ОБМЕЖЕНОЮ ВІДПОВІДАЛЬНІСТЮ «ШАШЛИКЯН ПОЗНЯКИ»,45566500
ТОВАРИСТВО З ОБМЕЖЕНОЮ ВІДПОВІДАЛЬНІСТЮ «ГІДРАВЛІК МАСТЕР»,37316467
ДП «ГАРАНТІЯ-ТОРГ»,33786889
ТОВАРИСТВО З ОБМЕЖЕНОЮ ВІДПОВІДАЛЬНІСТЮ «ТУЕНКО»,40729049
РЕЛІГІЙНА ГРОМАДА ХРИСТИЯН ВІРИ ЄВАНГЕЛЬСЬКОЇ «ЦАРСТВО БОЖЕ» У ДАРНИЦЬКОМУ РАЙОНІ М. КИЄВА,35199244
ТОВАРИСТВО З ОБМЕЖЕНОЮ ВІДПОВІДАЛЬНІСТЮ «КРЕДИТ - ТЕХНОЛОГІЯ»,33016096
ТОВАРИСТВО З ОБМЕЖЕНОЮ ВІДПОВІДАЛЬНІСТЮ «ГОЛДЕН БІР»,44520753
ТОВАРИСТВО З ОБМЕЖЕНОЮ ВІДПОВІДАЛЬНІСТЮ «ЄВРОПЕЙСЬКИЙ МЕДИЧНИЙ ЦЕНТР В УКРАЇНІ»,45336315
ПЗЗЗСО «ГЕЛАКСІ СКУЛ»,44409502
ТОВАРИСТВО З ОБМЕЖЕНОЮ ВІДПОВІДАЛЬНІСТЮ «ВЕБІАЛ ГРУП»,45359463
АКЦІОНЕРНЕ ТОВАРИСТВО «ВИДАВНИЦТВО «КИЇВСЬКА ПРАВДА» КОРПОРАТИВНЕ ПІДПРИЄМСТВО АКЦІОНЕРНЕ ТОВАРИСТВО «ДАК «УКРВИДАВПОЛІГРАФІЯ»,5905674
ТОВАРИСТВО З ОБМЕЖЕНОЮ ВІДПОВІДАЛЬНІСТЮ «БУККАФЕ»,45672268
ТОВАРИСТВО З ОБМЕЖЕНОЮ ВІДПОВІДАЛЬНІСТЮ «АМ:ПМ»,45515257
ТОВАРИСТВО З ОБМЕЖЕНОЮ ВІДПОВІДАЛЬНІСТЮ «МЕДІЦЕНТР УКРАЇНА»,39338854
ТОВАРИСТВО З ОБМЕЖЕНОЮ ВІДПОВІДАЛЬНІСТЮ «ПАН А»,42976288
ТОВАРИСТВО З ОБМЕЖЕНОЮ ВІДПОВІДАЛЬНІСТЮ «ГРАН ДЕ МАРІН»,42662149
ДЕРЖАВНЕ НЕКОМЕРЦІЙНЕ ПІДПРИЄМСТВО «НАЦІОНАЛЬНИЙ ІНСТИТУТ РАКУ»,2011976
ТОВАРИСТВО З ОБМЕЖЕНОЮ ВІДПОВІДАЛЬНІСТЮ «ФІРМА «БМТ-СЕРВІС»,24571753
ГО «СПРОТИВ»,45584011
ТОВАРИСТВО З ОБМЕЖЕНОЮ ВІДПОВІДАЛЬНІСТЮ «ЕЛЄН ЕНД КОМПАНІ»,45094607
ТОВАРИСТВО З ОБМЕЖЕНОЮ ВІДПОВІДАЛЬНІСТЮ «ПРІОРІТІ КОМПАНІ»,44409722
ТОВАРИСТВО З ОБМЕЖЕНОЮ ВІДПОВІДАЛЬНІСТЮ «АТОЛЛ ХОЛДІНГ»,31237888
ТОВАРИСТВО З ОБМЕЖЕНОЮ ВІДПОВІДАЛЬНІСТЮ «ІНВЕСТ-БУДРЕСУРС»,33599166
"ПРИВАТНА ОРГАНІЗАЦІЯ (УСТАНОВА, ЗАКЛАД) НАУКОВО-ОСВІТНІЙ ЗАКЛАД «КИЇВСЬКИЙ ПЛАНЕТАРІЙ»",43861768
ТОВАРИСТВО З ОБМЕЖЕНОЮ ВІДПОВІДАЛЬНІСТЮ «ЕКТА СЕРВІС»,37415931
ТОВАРИСТВО З ОБМЕЖЕНОЮ ВІДПОВІДАЛЬНІСТЮ «МЕДИЧНИЙ ЦЕНТР «УНІВЕРСУМ КЛІНІК»,44416860
ТОВАРИСТВО З ОБМЕЖЕНОЮ ВІДПОВІДАЛЬНІСТЮ «КЛІНІКА ХЕЛС МЕДІКАЛ»,45757463
ТОВАРИСТВО З ОБМЕЖЕНОЮ ВІДПОВІДАЛЬНІСТЮ «ЕНДЖОЙ ШОП»,45417556
ТОВАРИСТВО З ОБМЕЖЕНОЮ ВІДПОВІДАЛЬНІСТЮ «ОРГАНІЯФАРМ»,45592588
ТОВАРИСТВО З ОБМЕЖЕНОЮ ВІДПОВІДАЛЬНІСТЮ «М-ТАК»,44071416
ТОВАРИСТВО З ОБМЕЖЕНОЮ ВІДПОВІДАЛЬНІСТЮ «КЛІНІКА-ГАРАНТ»,43203820
ТОВАРИСТВО З ОБМЕЖЕНОЮ ВІДПОВІДАЛЬНІСТЮ «АВТОЦЕНТР КИЇВ»,32384972
ТОВАРИСТВО З ОБМЕЖЕНОЮ ВІДПОВІДАЛЬНІСТЮ «МУ ТА ЦИПА»,45852650
ТОВАРИСТВО З ОБМЕЖЕНОЮ ВІДПОВІДАЛЬНІСТЮ «УКРГАРДИНИ»,44158795
ТОВАРИСТВО З ОБМЕЖЕНОЮ ВІДПОВІДАЛЬНІСТЮ «БЕЗПЕКА КЛУБ»,44811414
ТОВАРИСТВО З ОБМЕЖЕНОЮ ВІДПОВІДАЛЬНІСТЮ «ПИВНА ЛАВКА»,41922069
ТОВАРИСТВО З ОБМЕЖЕНОЮ ВІДПОВІДАЛЬНІСТЮ «ІРІС-ДЕНТ»,37982284
ТОВАРИСТВО З ОБМЕЖЕНОЮ ВІДПОВІДАЛЬНІСТЮ «МАНГО УКРАЇНА»,38778998
ТОВАРИСТВО З ОБМЕЖЕНОЮ ВІДПОВІДАЛЬНІСТЮ «ПЗО СЕНС»,44902087
ТОВАРИСТВО З ОБМЕЖЕНОЮ ВІДПОВІДАЛЬНІСТЮ «ГЕТЬМАН І КО»,30302112
ТОВАРИСТВО З ОБМЕЖЕНОЮ ВІДПОВІДАЛЬНІСТЮ «КРАЇНА МРІЙ КИЇВ-2»,45362722
ТОВАРИСТВО З ОБМЕЖЕНОЮ ВІДПОВІДАЛЬНІСТЮ «РЕКО БМ»,39814942
ТОВАРИСТВО З ОБМЕЖЕНОЮ ВІДПОВІДАЛЬНІСТЮ «МЕОКОМ»,23160098
ПРИВАТНЕ ПІДПРИЄМСТВО «СОЛОМІЯ-СЕРВІС»,30163496
ТОВАРИСТВО З ОБМЕЖЕНОЮ ВІДПОВІДАЛЬНІСТЮ «ЛУНА ЕСТЕЙТС»,41329063
ПРИВАТНЕ ПІДПРИЄМСТВО «УКРПАЛЕТСИСТЕМ»,32285225
ТОВАРИСТВО З ОБМЕЖЕНОЮ ВІДПОВІДАЛЬНІСТЮ «АСТРАДЕНТ ДЦ»,45330748
ТОВАРИСТВО З ОБМЕЖЕНОЮ ВІДПОВІДАЛЬНІСТЮ «ГРАНД ДЕНТ»,45807367
ТОВАРИСТВО З ОБМЕЖЕНОЮ ВІДПОВІДАЛЬНІСТЮ «ВОЙТКОН»,40201050
ТОВАРИСТВО З ОБМЕЖЕНОЮ ВІДПОВІДАЛЬНІСТЮ «АЙКОР КОНСЬЮМЕР»,36861790
ТОВАРИСТВО З ОБМЕЖЕНОЮ ВІДПОВІДАЛЬНІСТЮ «ФУТБОЛЬНИЙ КЛУБ «ЛІВИЙ БЕРЕГ» КИЇВ»,41171620
ТОВАРИСТВО З ОБМЕЖЕНОЮ ВІДПОВІДАЛЬНІСТЮ «НОВИЙ БІЛЬЯРД»,45244523
ТОВАРИСТВО З ОБМЕЖЕНОЮ ВІДПОВІДАЛЬНІСТЮ «АВ МЕТАЛ ГРУП»,36441934
ТОВАРИСТВО З ОБМЕЖЕНОЮ ВІДПОВІДАЛЬНІСТЮ «СЕВЕНКАРС»,40741815
ТОВАРИСТВО З ОБМЕЖЕНОЮ ВІДПОВІДАЛЬНІСТЮ «МЕДИЧНИЙ ЦЕНТР «ІНДЕНТ»,38698195
ТОВАРИСТВО З ОБМЕЖЕНОЮ ВІДПОВІДАЛЬНІСТЮ «САН ПАРК»,36594349
ДП «КИЇВСЬКИЙ ТУРИСТСЬКИЙ ГОТЕЛЬ «ДРУЖБА» ПРИВАТНОГО АКЦІОНЕРНОГО ТОВАРИСТВА «УКРПРОФТУР»,2583684
ТОВАРИСТВО З ОБМЕЖЕНОЮ ВІДПОВІДАЛЬНІСТЮ «ДЕКОРАТОРСЬКИЙ»,44780051
ТОВАРИСТВО З ОБМЕЖЕНОЮ ВІДПОВІДАЛЬНІСТЮ «АРБЕР ФЕШН ГРУП»,44768060
ТОВАРИСТВО З ОБМЕЖЕНОЮ ВІДПОВІДАЛЬНІСТЮ «МОНОПОЛІЯ М'ЯСА»,45411465
ТОВАРИСТВО З ОБМЕЖЕНОЮ ВІДПОВІДАЛЬНІСТЮ «ЯПІКО КИЇВ»,45794835
ТОВАРИСТВО З ОБМЕЖЕНОЮ ВІДПОВІДАЛЬНІСТЮ «ФЮЧЕР ГРУП»,45303028
ТОВАРИСТВО З ОБМЕЖЕНОЮ ВІДПОВІДАЛЬНІСТЮ «ЮТАКТИК»,45211393
ТОВАРИСТВО З ОБМЕЖЕНОЮ ВІДПОВІДАЛЬНІСТЮ «ІМПУЛЬС-РІЕЛТІ»,38346246
ТОВАРИСТВО З ОБМЕЖЕНОЮ ВІДПОВІДАЛЬНІСТЮ «ШАМС ГРУП»,43658490
ТОВАРИСТВО З ДОДАТКОВОЮ ВІДПОВІДАЛЬНІСТЮ «УНІВЕРСАМ № 6 «ОЛІМПІЙСЬКИЙ»,2904195
ПОВНЕ ТОВАРИСТВО «ЛОМБАРД № 1 «ТОВАРИСТВА З ОБМЕЖЕНОЮ ВІДПОВІДАЛЬНІСТЮ «КОНТРАКТ - ГРУП» І КОМПАНІЯ»,43521651
АКЦІОНЕРНЕ ТОВАРИСТВО «М-СЕРВІС»,33104103
ТОВАРИСТВО З ОБМЕЖЕНОЮ ВІДПОВІДАЛЬНІСТЮ «ОРЕГАНО»,42939691
ТОВАРИСТВО З ОБМЕЖЕНОЮ ВІДПОВІДАЛЬНІСТЮ «КУБІКОМ»,45812513
ТОВАРИСТВО З ОБМЕЖЕНОЮ ВІДПОВІДАЛЬНІСТЮ «ЦІНТОРГ ІНВЕСТ»,40438021
ТОВАРИСТВО З ОБМЕЖЕНОЮ ВІДПОВІДАЛЬНІСТЮ «ХЕМП ФАКТОР УКРАЇНА»,45742881
ТОВАРИСТВО З ОБМЕЖЕНОЮ ВІДПОВІДАЛЬНІСТЮ «ПРАУД КОМПАНІ»,44468044
ТОВАРИСТВО З ОБМЕЖЕНОЮ ВІДПОВІДАЛЬНІСТЮ «ПЛЕТТАК»,24918464
ПРИВАТНЕ ПІДПРИЄМСТВО «ВЛАДА»,24731211
ТОВАРИСТВО З ОБМЕЖЕНОЮ ВІДПОВІДАЛЬНІСТЮ «МЕРЕЖА МАГАЗИНІВ «ДНІПРО-М»,41609173
ТОВАРИСТВО З ОБМЕЖЕНОЮ ВІДПОВІДАЛЬНІСТЮ «ПАРІСА ЛТД»,43963505
ПРИВАТНИЙ ЗАКЛАД ОСВІТИ «КМДШ» (У ФОРМІ ТОВАРИСТВА З ОБМЕЖЕНОЮ ВІДПОВІДАЛЬНІСТЮ),41960979
ТОВАРИСТВО З ОБМЕЖЕНОЮ ВІДПОВІДАЛЬНІСТЮ «СУШИ ЛЕНД»,37933258
АКЦІОНЕРНЕ ТОВАРИСТВО «АВТОТРЕЙДІНГ ІНВЕСТ»,31106821
